x,y,u,v
0.0,0.0,0.0,0.0
0.025,0.0,0.0,0.0
0.05,0.0,0.0,0.0
0.07500000000000001,0.0,0.0,0.0
0.1,0.0,0.0,0.0
0.125,0.0,0.0,0.0
0.15000000000000002,0.0,0.0,0.0
0.17500000000000002,0.0,0.0,0.0
0.2,0.0,0.0,0.0
0.225,0.0,0.0,0.0
0.25,0.0,0.0,0.0
0.275,0.0,0.0,0.0
0.30000000000000004,0.0,0.0,0.0
0.325,0.0,0.0,0.0
0.35000000000000003,0.0,0.0,0.0
0.375,0.0,0.0,0.0
0.4,0.0,0.0,0.0
0.42500000000000004,0.0,0.0,0.0
0.45,0.0,0.0,0.0
0.47500000000000003,0.0,0.0,0.0
0.5,0.0,0.0,0.0
0.525,0.0,0.0,0.0
0.55,0.0,0.0,0.0
0.5750000000000001,0.0,0.0,0.0
0.6000000000000001,0.0,0.0,0.0
0.625,0.0,0.0,0.0
0.65,0.0,0.0,0.0
0.675,0.0,0.0,0.0
0.7000000000000001,0.0,0.0,0.0
0.7250000000000001,0.0,0.0,0.0
0.75,0.0,0.0,0.0
0.775,0.0,0.0,0.0
0.8,0.0,0.0,0.0
0.8250000000000001,0.0,0.0,0.0
0.8500000000000001,0.0,0.0,0.0
0.875,0.0,0.0,0.0
0.9,0.0,0.0,0.0
0.925,0.0,0.0,0.0
0.9500000000000001,0.0,0.0,0.0
0.9750000000000001,0.0,0.0,0.0
1.0,0.0,0.0,0.0
0.0,0.025,0.0,0.0
0.025,0.025,2.2775413484018683e-05,-2.2034044210319924e-05
0.05,0.025,-1.4088791120766598e-05,9.041611175245692e-05
0.07500000000000001,0.025,-0.0002392266468939388,0.0002525353487329632
0.1,0.025,-0.000669074641673597,0.000421082227964732
0.125,0.025,-0.0012897739687859446,0.0005751607379656829
0.15000000000000002,0.025,-0.0020761006960489724,0.0007042991662360995
0.17500000000000002,0.025,-0.002995455968188463,0.0008040825505881353
0.2,0.025,-0.004012534066690975,0.0008734241141965226
0.225,0.025,-0.005091982319225663,0.0009130009774919856
0.25,0.025,-0.006199772550002243,0.0009244398243774712
0.275,0.025,-0.007304002963099041,0.0009098713676506773
0.30000000000000004,0.025,-0.008375350527658972,0.000871678370165326
0.325,0.025,-0.009387305622750836,0.0008123528591438353
0.35000000000000003,0.025,-0.010316278648890918,0.0007344169738469812
0.375,0.025,-0.011141633849030925,0.0006403831434386019
0.4,0.025,-0.011845686958364552,0.0005327400426951772
0.42500000000000004,0.025,-0.012413692229860223,0.0004139559721721217
0.45,0.025,-0.01283383658271527,0.00028649387096649367
0.47500000000000003,0.025,-0.013097252629542661,0.00015283344895818818
0.5,0.025,-0.013198057320233885,1.5496569231902505e-05
0.525,0.025,-0.013133418456586613,-0.0001229276212557769
0.55,0.025,-0.012903647195507652,-0.0002597610602746863
0.5750000000000001,0.025,-0.012512310813648992,-0.0003922216365520759
0.6000000000000001,0.025,-0.011966356466145269,-0.0005174172744202741
0.625,0.025,-0.011276233482784911,-0.0006323516257805851
0.65,0.025,-0.010455998948023812,-0.0007339434100914015
0.675,0.025,-0.009523388897500379,-0.0008190611511950799
0.7000000000000001,0.025,-0.008499835294073435,-0.0008845750228725356
0.7250000000000001,0.025,-0.007410406605145038,-0.0009274281011230119
0.75,0.025,-0.006283646424662466,-0.0009447312643090064
0.775,0.025,-0.005151278578735685,-0.000933890704834926
0.8,0.025,-0.004047734030871264,-0.0008927875620964448
0.8250000000000001,0.025,-0.0030094261346947453,-0.0008200505907741723
0.8500000000000001,0.025,-0.002073663504348003,-0.0007155022764013945
0.875,0.025,-0.0012770038539693849,-0.0005809507819774072
0.9,0.025,-0.0006523665535942251,-0.0004217053893698692
0.925,0.025,-0.00022423258097734663,-0.00024922603322193607
0.9500000000000001,0.025,-4.449595101079469e-06,-8.538426050497433e-05
0.9750000000000001,0.025,2.692027277782055e-05,2.5861441977967197e-05
1.0,0.025,0.0,0.0
0.0,0.05,0.0,0.0
0.025,0.05,-8.712463442781709e-05,1.3422143315500006e-05
0.05,0.05,-0.0003171680865651856,0.000321725526568367
0.07500000000000001,0.05,-0.0008756395712019035,0.0007330345139135116
0.1,0.05,-0.0017715939934295534,0.0011538486548448312
0.125,0.05,-0.002983597148971214,0.0015378485534874396
0.15000000000000002,0.05,-0.0044732067417026814,0.0018604779034473572
0.17500000000000002,0.05,-0.006188074016328985,0.0021105032516388227
0.2,0.05,-0.008069606497892566,0.0022844633640242864
0.225,0.05,-0.010057562735531283,0.002383309029311113
0.25,0.05,-0.012092739220744973,0.0024105428714338746
0.275,0.05,-0.014118738587806419,0.0023711318100465215
0.30000000000000004,0.05,-0.016083083546979834,0.002270852564668092
0.325,0.05,-0.01793788762233353,0.002115897799505086
0.35000000000000003,0.05,-0.019640242621395892,0.0019126433962452303
0.375,0.05,-0.021152428559194216,0.0016675202087501225
0.4,0.05,-0.02244202016391303,0.00138695664250865
0.42500000000000004,0.05,-0.023481943328679252,0.0010773701897897005
0.45,0.05,-0.02425051940486471,0.0007451922495196841
0.47500000000000003,0.05,-0.02473152310641404,0.0003969138410533005
0.5,0.05,-0.024914269649892653,3.9141605770282565e-05
0.525,0.05,-0.02479373779618315,-0.0003213454578089826
0.55,0.05,-0.024370727296786902,-0.0006775473271009933
0.5750000000000001,0.05,-0.023652041709048027,-0.0010222104866264357
0.6000000000000001,0.05,-0.022650680582136134,-0.0013478190673092
0.625,0.05,-0.021386018632410155,-0.0016466162182240905
0.65,0.05,-0.019883943710967928,-0.0019106615418469218
0.675,0.05,-0.018176920003456463,-0.002131929844980656
0.7000000000000001,0.05,-0.016303937653733638,-0.0023024565323902196
0.7250000000000001,0.05,-0.014310304079644948,-0.0024145365680396645
0.75,0.05,-0.012247224209610814,-0.002460988600622018
0.775,0.05,-0.010171104534903923,-0.0024355065018485545
0.8,0.05,-0.008142493337276764,-0.0023331430382646868
0.8250000000000001,0.05,-0.006224524612132065,-0.0021510136066437762
0.8500000000000001,0.05,-0.004480690283945833,-0.0018893823875775714
0.875,0.05,-0.0029717161409987623,-0.001553463149632026
0.9,0.05,-0.0017506113048548948,-0.001156654793523007
0.925,0.05,-0.0008548180315540995,-0.0007258960650792591
0.9500000000000001,0.05,-0.00030287249274216324,-0.0003098513182622053
0.9750000000000001,0.05,-8.060136314653545e-05,-3.867242505225369e-06
1.0,0.05,0.0,0.0
0.0,0.07500000000000001,0.0,0.0
0.025,0.07500000000000001,-0.00024823415776825734,0.00023387427013018126
0.05,0.07500000000000001,-0.0007280034988950936,0.0008786528457498427
0.07500000000000001,0.07500000000000001,-0.0016724334265114111,0.0016718545330315637
0.1,0.07500000000000001,-0.003058235989101545,0.0024718900911275122
0.125,0.07500000000000001,-0.004849954860712938,0.0032015856514518537
0.15000000000000002,0.07500000000000001,-0.0069975398801270135,0.003816763193716308
0.17500000000000002,0.07500000000000001,-0.009433620518221027,0.00429509382220454
0.2,0.07500000000000001,-0.012082470117734227,0.004628070345441941
0.225,0.07500000000000001,-0.014865420611873223,0.0048157139831614595
0.25,0.07500000000000001,-0.017704267246709832,0.004863359348765218
0.275,0.07500000000000001,-0.02052374625842266,0.004779623376973701
0.30000000000000004,0.07500000000000001,-0.023253222777799124,0.004575099795533615
0.325,0.07500000000000001,-0.0258277933727129,0.004261523652535826
0.35000000000000003,0.07500000000000001,-0.02818898760655288,0.0038512463339959438
0.375,0.07500000000000001,-0.030285199532561362,0.003356922634867454
0.4,0.07500000000000001,-0.03207194758356581,0.002791346877185236
0.42500000000000004,0.07500000000000001,-0.033512037461344756,0.002167394724491193
0.45,0.07500000000000001,-0.03457568302322329,0.001498038404199383
0.47500000000000003,0.07500000000000001,-0.03524062386156081,0.0007964093237807183
0.5,0.07500000000000001,-0.03549226414299818,7.588569669773498e-05
0.525,0.07500000000000001,-0.03532384456187235,-0.0006498149399588879
0.55,0.07500000000000001,-0.0347366475669914,-0.0013665568131799226
0.5750000000000001,0.07500000000000001,-0.03374022514771457,-0.0020597376983477658
0.6000000000000001,0.07500000000000001,-0.03235262833859215,-0.0027142870984964837
0.625,0.07500000000000001,-0.03060060820408019,-0.003314725077387379
0.65,0.07500000000000001,-0.028519749359217687,-0.0038452946670206097
0.675,0.07500000000000001,-0.026154488934167587,-0.004290179916052934
0.7000000000000001,0.07500000000000001,-0.023557965947583654,-0.004633822076146326
0.7250000000000001,0.07500000000000001,-0.020791637550388906,-0.004861349559299774
0.75,0.07500000000000001,-0.017924588288991825,-0.0049591455798159234
0.775,0.07500000000000001,-0.01503244517822393,-0.004915594983338313
0.8,0.07500000000000001,-0.012195790121000083,-0.00472208630075965
0.8250000000000001,0.07500000000000001,-0.009497919321494817,-0.0043744068199107625
0.8500000000000001,0.07500000000000001,-0.007021789639376637,-0.0038747670013459137
0.875,0.07500000000000001,-0.004846063505388096,-0.003234898226841708
0.9,0.07500000000000001,-0.0030392394217675267,-0.00248110696848439
0.925,0.07500000000000001,-0.0016504396100858799,-0.0016619330534371002
0.9500000000000001,0.07500000000000001,-0.0007118318331113088,-0.0008588116101847624
0.9750000000000001,0.07500000000000001,-0.00024054073108062982,-0.00021681578747751888
1.0,0.07500000000000001,0.0,0.0
0.0,0.1,0.0,0.0
0.025,0.1,-0.0004227090081458159,0.0006606897805277994
0.05,0.1,-0.0011673484538538472,0.001781395342200992
0.07500000000000001,0.1,-0.00251679066404337,0.0030635402387856623
0.1,0.1,-0.004401484381454261,0.0043311797196536024
0.125,0.1,-0.006764682451080625,0.005480414849091038
0.15000000000000002,0.1,-0.009542483941036827,0.006447994965349205
0.17500000000000002,0.1,-0.012653120910609893,0.007199644044345471
0.2,0.1,-0.01600622470145344,0.0077207462274772876
0.225,0.1,-0.019508205232650584,0.008009671258824026
0.25,0.1,-0.02306576805720823,0.00807337698080709
0.275,0.1,-0.02658873164057335,0.007924433466129541
0.30000000000000004,0.1,-0.029992073038457114,0.007578995215505887
0.325,0.1,-0.033197342932730786,0.007055433409250653
0.35000000000000003,0.1,-0.036133620771845676,0.006373432683905174
0.375,0.1,-0.038738140600945645,0.005553421895365547
0.4,0.1,-0.040956694277555904,0.004616248949087182
0.42500000000000004,0.1,-0.042743898162182326,0.003583033870565607
0.45,0.1,-0.044063389687505096,0.0024751487154988233
0.47500000000000003,0.1,-0.04488800232932578,0.0013142815763691415
0.5,0.1,-0.04519995107118411,0.00012254725580481418
0.525,0.1,-0.04499104510288306,-0.0010773893468812073
0.55,0.1,-0.04426293003355255,-0.002262208506397244
0.5750000000000001,0.1,-0.043027348242403035,-0.0034078787347721204
0.6000000000000001,0.1,-0.041306393123630665,-0.004489674577804373
0.625,0.1,-0.039132720936507215,-0.005482293874045583
0.65,0.1,-0.036549672782183316,-0.006360097154079279
0.675,0.1,-0.03361124887589784,-0.007097490505413108
0.7000000000000001,0.1,-0.030381867640520206,-0.007669473594631476
0.7250000000000001,0.1,-0.026935832840264556,-0.008052378404862854
0.75,0.1,-0.023356422531966303,-0.008224834434233958
0.775,0.1,-0.01973450459772109,-0.00816901710005397
0.8,0.1,-0.016166572103166372,-0.007872275401461303
0.8250000000000001,0.1,-0.012752064364821195,-0.007329300929536582
0.8500000000000001,0.1,-0.009589881081346445,-0.006545096777160125
0.875,0.1,-0.006774213885298875,-0.005539198048609111
0.9,0.1,-0.004388606272811867,-0.004351985162834872
0.925,0.1,-0.0024963438517820956,-0.003053443752491908
0.9500000000000001,0.1,-0.0011507581279612974,-0.0017541118067606852
0.9750000000000001,0.1,-0.00041446320840521545,-0.0006356052703227965
1.0,0.1,0.0,0.0
0.0,0.125,0.0,0.0
0.025,0.125,-0.0005950878867076585,0.001291988833743168
0.05,0.125,-0.0016026731137055799,0.0030317775506651795
0.07500000000000001,0.125,-0.0033582792298508745,0.004906769381025174
0.1,0.125,-0.005740561886209368,0.006719938216654781
0.125,0.125,-0.008666469576054745,0.008347612741489353
0.15000000000000002,0.125,-0.012055352414621863,0.00971094141134252
0.17500000000000002,0.125,-0.01581000228170147,0.01076514254982195
0.2,0.125,-0.019825898105595697,0.011489969210170488
0.225,0.125,-0.02399609861595063,0.011882313015213522
0.25,0.125,-0.0282144522672462,0.01195096564891153
0.275,0.125,-0.03237843191349097,0.011712848651465872
0.30000000000000004,0.125,-0.03639130593374871,0.011190306784342656
0.325,0.125,-0.04016370490351951,0.010409196834074258
0.35000000000000003,0.125,-0.04361472200351704,0.00939757198176322
0.375,0.125,-0.04667266110911647,0.008184816698162746
0.4,0.125,-0.04927553519485049,0.006801124200102125
0.42500000000000004,0.125,-0.051371404010035156,0.005277231915475858
0.45,0.125,-0.0529186231111548,0.0036443452472151834
0.47500000000000003,0.125,-0.05388605903439481,0.0019341893505022151
0.5,0.125,-0.05425330822630639,0.00017913474205797524
0.525,0.125,-0.05401094049676212,-0.0015876531975113168
0.55,0.125,-0.05316077136517818,-0.0033320874550385703
0.5750000000000001,0.125,-0.05171615185693378,-0.005019098980566716
0.6000000000000001,0.125,-0.04970224919704193,-0.006612683272954853
0.625,0.125,-0.0471562776031089,-0.008076091460322886
0.65,0.125,-0.044127625185867166,-0.009372200345024121
0.675,0.125,-0.040677811045667894,-0.01046409348365165
0.7000000000000001,0.125,-0.03688019625682042,-0.011315884698293564
0.7250000000000001,0.125,-0.032819363781128874,-0.011893818246339708
0.75,0.125,-0.028590075948392673,-0.012167688906968756
0.775,0.125,-0.02429571646736696,-0.012112644383820904
0.8,0.125,-0.02004612554950877,-0.011711467700131387
0.8250000000000001,0.125,-0.015954726068847614,-0.010957493524956605
0.8500000000000001,0.125,-0.012134930775541397,-0.009858386090745757
0.875,0.125,-0.008696172222431277,-0.008441153693254268
0.9,0.125,-0.005738320643991726,-0.006759071848388733
0.925,0.125,-0.0033419607904172292,-0.004900484919774684
0.9500000000000001,0.125,-0.001586817692599144,-0.0029985873154733714
0.9750000000000001,0.125,-0.0005867069542147111,-0.0012588840848778901
1.0,0.125,0.0,0.0
0.0,0.15000000000000002,0.0,0.0
0.025,0.15000000000000002,-0.0007596390134553398,0.002120613925256431
0.05,0.15000000000000002,-0.002021348772992142,0.004624880028767423
0.07500000000000001,0.15000000000000002,-0.004175664798709962,0.0071989348758220864
0.1,0.15000000000000002,-0.007048678827593642,0.00963470997387094
0.125,0.15000000000000002,-0.010528249785915827,0.011795584413078392
0.15000000000000002,0.15000000000000002,-0.014514500708588677,0.01359154160789353
0.17500000000000002,0.15000000000000002,-0.01889323508970928,0.014969987225114148
0.2,0.15000000000000002,-0.02354526018221581,0.015906654993280606
0.225,0.15000000000000002,-0.028350667830031484,0.01639799816885914
0.25,0.15000000000000002,-0.03319151929838011,0.016455437161795556
0.275,0.15000000000000002,-0.03795447331028802,0.016100984085814132
0.30000000000000004,0.15000000000000002,-0.042532886397727496,0.0153639524929944
0.325,0.15000000000000002,-0.04682837180683532,0.014278539669965416
0.35000000000000003,0.15000000000000002,-0.05075192097945792,0.012882103323211963
0.375,0.15000000000000002,-0.054224679251922855,0.011213990280823472
0.4,0.15000000000000002,-0.05717846808347321,0.009314801637856416
0.42500000000000004,0.15000000000000002,-0.05955614020824829,0.007225996813775001
0.45,0.15000000000000002,-0.061311841300378395,0.004989751180366528
0.47500000000000003,0.15000000000000002,-0.06241123626708287,0.002648990131630684
0.5,0.15000000000000002,-0.06283174147699784,0.000247528159038877
0.525,0.15000000000000002,-0.0625627867719685,-0.002169754249066302
0.55,0.15000000000000002,-0.061606113505812514,-0.004556759446195741
0.5750000000000001,0.15000000000000002,-0.05997609745441935,-0.0068661072532651005
0.6000000000000001,0.15000000000000002,-0.057700068554663586,-0.009049211657929736
0.625,0.15000000000000002,-0.054818583378679196,-0.011056551746524616
0.65,0.15000000000000002,-0.05138559143454906,-0.012838184650417707
0.675,0.15000000000000002,-0.047468423316415265,-0.014344544148363782
0.7000000000000001,0.15000000000000002,-0.043147518100980074,-0.015527565592740543
0.7250000000000001,0.15000000000000002,-0.0385158000316031,-0.016342177559675604
0.75,0.15000000000000002,-0.03367761184266534,-0.016748205221534893
0.775,0.15000000000000002,-0.028747118103051205,-0.01671274280885074
0.8,0.15000000000000002,-0.023846105831233456,-0.016213076736675984
0.8250000000000001,0.15000000000000002,-0.019101111591037608,-0.015240278304594582
0.8500000000000001,0.15000000000000002,-0.014639936899597519,-0.013803625955855521
0.875,0.15000000000000002,-0.010588076162802613,-0.011936109832886017
0.9,0.15000000000000002,-0.007063587952238422,-0.009701475875239386
0.925,0.15000000000000002,-0.004167118175949837,-0.007202420566728834
0.9500000000000001,0.15000000000000002,-0.002007816911413533,-0.004588559177952254
0.9750000000000001,0.15000000000000002,-0.0007516689674026477,-0.0020799900249975777
1.0,0.15000000000000002,0.0,0.0
0.0,0.17500000000000002,0.0,0.0
0.025,0.17500000000000002,-0.0009156947040737304,0.0031369924074878125
0.05,0.17500000000000002,-0.002421558939245193,0.006550327710160057
0.07500000000000001,0.17500000000000002,-0.00496470597997445,0.009931056203724415
0.1,0.17500000000000002,-0.00832005983571683,0.013066931983829749
0.125,0.17500000000000002,-0.012345166598681862,0.01581422876457759
0.15000000000000002,0.17500000000000002,-0.01691913772787118,0.018076310963606252
0.17500000000000002,0.17500000000000002,-0.021909302159455663,0.019796099166334992
0.2,0.17500000000000002,-0.027180894444460837,0.020947699619167766
0.225,0.17500000000000002,-0.03260079757307541,0.021528885343183812
0.25,0.17500000000000002,-0.03803964013883637,0.02155507033938005
0.275,0.17500000000000002,-0.04337409212681817,0.02105449642189259
0.30000000000000004,0.17500000000000002,-0.048488752496246366,0.02006446434673398
0.325,0.17500000000000002,-0.05327756460150152,0.018628468816679955
0.35000000000000003,0.17500000000000002,-0.05764483907323702,0.016794097043145696
0.375,0.17500000000000002,-0.061505956390863745,0.014611563931160393
0.4,0.17500000000000002,-0.06478783068840056,0.012132769669424906
0.42500000000000004,0.17500000000000002,-0.06742921688505918,0.009410774949281083
0.45,0.17500000000000002,-0.06938093427415246,0.00649959607913327
0.47500000000000003,0.17500000000000002,-0.07060606634347198,0.0034542275023456627
0.5,0.17500000000000002,-0.07108018063795511,0.00033080326909239996
0.525,0.17500000000000002,-0.0707915949467948,-0.002813187527346612
0.55,0.17500000000000002,-0.06974169777945383,-0.005918712968676761
0.5750000000000001,0.17500000000000002,-0.06794531254391051,-0.008925116093256252
0.6000000000000001,0.17500000000000002,-0.06543107651714462,-0.011770211798987589
0.625,0.17500000000000002,-0.062241788096236206,-0.01439063123318875
0.65,0.17500000000000002,-0.05843465953730215,-0.016722476019309186
0.675,0.17500000000000002,-0.054081398240019896,-0.018702338098977568
0.7000000000000001,0.17500000000000002,-0.04926802871376266,-0.020268734501431178
0.7250000000000001,0.17500000000000002,-0.044094361025945945,-0.021364001076872766
0.75,0.17500000000000002,-0.03867301183988617,-0.021936686643654092
0.775,0.17500000000000002,-0.03312789625714203,-0.021944490913086548
0.8,0.17500000000000002,-0.02759213136931195,-0.021357798350187446
0.8250000000000001,0.17500000000000002,-0.022205300340282074,-0.020163874487043692
0.8500000000000001,0.17500000000000002,-0.017110186941301477,-0.018371798392011286
0.875,0.17500000000000002,-0.012449640991007293,-0.01601824879204436
0.9,0.17500000000000002,-0.008361795712886984,-0.013174394709824754
0.925,0.17500000000000002,-0.004969505817703359,-0.00995321791909942
0.9500000000000001,0.17500000000000002,-0.0024129005137100905,-0.006515585458057029
0.9750000000000001,0.17500000000000002,-0.0009090445872657472,-0.0030902106648644776
1.0,0.17500000000000002,0.0,0.0
0.0,0.2,0.0,0.0
0.025,0.2,-0.0010648841802776623,0.004332570563950078
0.05,0.2,-0.0028066695308583073,0.0087978914154872
0.07500000000000001,0.2,-0.005729998777956906,0.013093953466415053
0.1,0.2,-0.00956055645475695,0.017008633356945163
0.125,0.2,-0.01412519426244059,0.0203957403433201
0.15000000000000002,0.2,-0.019280813968699507,0.023156231543205202
0.17500000000000002,0.2,-0.02487503114916245,0.02523207903521218
0.2,0.2,-0.030756553756680176,0.02659862446944288
0.225,0.2,-0.03677855078249297,0.027257257997761006
0.25,0.2,-0.04280019302515674,0.027229248242359363
0.275,0.2,-0.04868856494226805,0.026550604069438086
0.30000000000000004,0.2,-0.05432024741681174,0.02526791237058708
0.325,0.2,-0.059582483085823625,0.02343508517704904
0.35000000000000003,0.2,-0.06437399450861839,0.021110919904355492
0.375,0.2,-0.06860551615405902,0.01835736814215196
0.4,0.2,-0.07220011481733056,0.015238405975577836
0.42500000000000004,0.2,-0.07509337766001298,0.011819398073864437
0.45,0.2,-0.07723354073925041,0.008166848173810503
0.47500000000000003,0.2,-0.0785816191673895,0.004348429581473809
0.5,0.2,-0.07911158487504137,0.0004331907511123777
0.525,0.2,-0.07881062051870524,-0.003508167077982429
0.55,0.2,-0.07767945930369234,-0.007403040609177945
0.5750000000000001,0.2,-0.0757328010427855,-0.01117680049891051
0.6000000000000001,0.2,-0.07299977520453868,-0.01475288485906836
0.625,0.2,-0.06952440261856664,-0.018053196290976625
0.65,0.2,-0.06536598966452466,-0.020998880666320583
0.675,0.2,-0.06059937321374973,-0.02351155639504454
0.7000000000000001,0.2,-0.055314922754690826,-0.025515052041319534
0.7250000000000001,0.2,-0.049618199755228486,-0.026937698452037577
0.75,0.2,-0.04362917590923453,-0.02771520985250932
0.775,0.2,-0.037480927361190644,-0.027794177591335557
0.8,0.2,-0.03131774917211464,-0.027136191640273935
0.8250000000000001,0.2,-0.025292641561878295,-0.025722595976004212
0.8500000000000001,0.2,-0.019564299321582736,-0.023559860861620912
0.875,0.2,-0.014294359362099482,-0.020685561422787106
0.9,0.2,-0.009642765338790204,-0.01717504060829842
0.925,0.2,-0.0057562457705633875,-0.013147878822125541
0.9500000000000001,0.2,-0.0028067481595143474,-0.008772313873722523
0.9750000000000001,0.2,-0.0010609810365529264,-0.004282398761867477
1.0,0.2,0.0,0.0
0.0,0.225,0.0,0.0
0.025,0.225,-0.0012096558687965788,0.005701294873288917
0.05,0.225,-0.0031820709069864243,0.011360075866377665
0.07500000000000001,0.225,-0.00648002917669266,0.01668099133094301
0.1,0.225,-0.010781526443436575,0.02145454300229825
0.125,0.225,-0.01588260919105473,0.02553565430242101
0.15000000000000002,0.225,-0.021617125039049605,0.028826628477288497
0.17500000000000002,0.225,-0.027811972248476834,0.03127202043428294
0.2,0.225,-0.034298459863146225,0.03285153946898738
0.225,0.225,-0.04091548306235135,0.033572883616664335
0.25,0.225,-0.047510579592710496,0.03346544940857357
0.275,0.225,-0.05394144923444222,0.03257491599710946
0.30000000000000004,0.225,-0.06007717476000806,0.030958739877804283
0.325,0.225,-0.06579905472570961,0.028682559402349407
0.35000000000000003,0.225,-0.07100112500881156,0.02581745557690271
0.375,0.225,-0.07559042925305647,0.022437988357085124
0.4,0.225,-0.07948711221442832,0.01862091087873281
0.42500000000000004,0.225,-0.08262441584007951,0.014444452977353472
0.45,0.225,-0.08494865250123286,0.00998805853995342
0.47500000000000003,0.225,-0.08641921876153846,0.005332457384058076
0.5,0.225,-0.08700869825146769,0.0005599505934643732
0.525,0.225,-0.08670308477639373,-0.004245211875065389
0.55,0.225,-0.08550213762069231,-0.00899648114618977
0.5750000000000001,0.225,-0.08341986077575748,-0.013604803863792914
0.6000000000000001,0.225,-0.0804850770626829,-0.01797867332193806
0.625,0.225,-0.07674204746495598,-0.022024542582442706
0.65,0.225,-0.07225106625748846,-0.02564769533482588
0.675,0.225,-0.06708894490984688,-0.02875365771063528
0.7000000000000001,0.225,-0.061349283910188936,-0.03125021851319783
0.7250000000000001,0.225,-0.05514242362845702,-0.03305010638200439
0.75,0.225,-0.04859496591485219,-0.034074350497762675
0.775,0.225,-0.04184877376061707,-0.03425632689653774
0.8,0.225,-0.03505938378019475,-0.033546466111461865
0.8250000000000001,0.225,-0.028393767621092546,-0.03191756695541025
0.8500000000000001,0.225,-0.022027570985223496,-0.029370612825130097
0.875,0.225,-0.01614264873716163,-0.025940967369350438
0.9,0.225,-0.010922360630445271,-0.021704892893318308
0.925,0.225,-0.006538743542711874,-0.016785368936560113
0.9500000000000001,0.225,-0.0031962926180256635,-0.011355254025132456
0.9750000000000001,0.225,-0.001210543551683662,-0.0056525787973261635
1.0,0.225,0.0,0.0
0.0,0.25,0.0,0.0
0.025,0.25,-0.0013525929207393746,0.0072399455854813
0.05,0.25,-0.003553620610488532,0.014232991335783512
0.07500000000000001,0.25,-0.007224483772788984,0.020689054803534775
0.1,0.25,-0.011996224420178796,0.02640266305046829
0.125,0.25,-0.017633858442391077,0.031232667441795574
0.15000000000000002,0.25,-0.02394745969439797,0.035086084619342546
0.17500000000000002,0.25,-0.030742353605193444,0.037913529218593416
0.2,0.25,-0.037831690906958454,0.03970238860312166
0.225,0.25,-0.04503958763841978,0.040469665920285246
0.25,0.25,-0.05220177292905119,0.0402555078519701
0.275,0.25,-0.059166723805341784,0.03911749683486901
0.30000000000000004,0.25,-0.065796485068885,0.03712581397255204
0.325,0.25,-0.07196710162780277,0.03435932542192225
0.35000000000000003,0.25,-0.07756876138993662,0.030902575114344657
0.375,0.25,-0.08250571873473538,0.026843623952994906
0.4,0.25,-0.08669607918338058,0.022272646344493423
0.42500000000000004,0.25,-0.09007153035187315,0.017281174312055177
0.45,0.25,-0.09257709793631069,0.011961865741341973
0.47500000000000003,0.25,-0.09417099396464955,0.0064086646195950624
0.5,0.25,-0.09482460946602969,0.0007172160470188698
0.525,0.25,-0.09452268598926322,-0.005014603602455302
0.55,0.25,-0.09326368080540055,-0.010686181186309575
0.5750000000000001,0.25,-0.09106031964808199,-0.0161938238714191
0.6000000000000001,0.25,-0.08794030889892604,-0.02143071240699507
0.625,0.25,-0.08394715672021216,-0.026287277018938886
0.65,0.25,-0.07914103056182288,-0.03065211148961593
0.675,0.25,-0.07359955793634393,-0.034413525649858306
0.7000000000000001,0.25,-0.06741846016438513,-0.03746181593094105
0.7250000000000001,0.25,-0.060711897143028326,-0.039692307249935437
0.75,0.25,-0.053612398154904366,-0.041009186993515356
0.775,0.25,-0.04627026632872439,-0.041330113228638714
0.8,0.25,-0.038852368364943664,-0.04059153535299687
0.8250000000000001,0.25,-0.0315402127505977,-0.03875461415889503
0.8500000000000001,0.25,-0.024527422292910953,-0.03581155849083338
0.875,0.25,-0.01801746260493958,-0.031792158555741835
0.9,0.25,-0.012218676475191228,-0.02677035557465175
0.925,0.25,-0.007329857504453433,-0.020869715324000813
0.9500000000000001,0.25,-0.003589081160775097,-0.014265773453541165
0.9750000000000001,0.25,-0.0013609953441359242,-0.007200363524283787
1.0,0.25,0.0,0.0
0.0,0.275,0.0,0.0
0.025,0.275,-0.0014961046665205751,0.008948057119862896
0.05,0.275,-0.003926880210088631,0.017416530977091973
0.07500000000000001,0.275,-0.007972794032424308,0.025118857413367213
0.1,0.275,-0.013217683547913243,0.0318544314380416
0.125,0.275,-0.01939495961133462,0.03748840554359053
0.15000000000000002,0.275,-0.02629014658242558,0.04193565570617037
0.17500000000000002,0.275,-0.033686192243041854,0.045156334268923945
0.2,0.275,-0.041377428908994256,0.047148991268735105
0.225,0.275,-0.04917279594080043,0.04794321131463998
0.25,0.275,-0.0568961355395876,0.04759283234360206
0.275,0.275,-0.06438694626033999,0.046169879397919424
0.30000000000000004,0.275,-0.07150076443920299,0.04375937039384986
0.325,0.275,-0.07810913185373239,0.040455086955956406
0.35000000000000003,0.275,-0.08409928132884245,0.03635632047997477
0.375,0.275,-0.08937362995942164,0.03156554857619737
0.4,0.275,-0.0938491743065669,0.02618695736740438
0.42500000000000004,0.275,-0.0974568826927764,0.020325696421417537
0.45,0.275,-0.10014117070603941,0.014087733434558701
0.47500000000000003,0.275,-0.10185953286054657,0.007580162860137241
0.5,0.275,-0.10258238733805224,0.000911814578853106
0.525,0.275,-0.10229317246653943,-0.0058059958861178896
0.55,0.275,-0.10098871353584744,-0.012458736011986516
0.5750000000000001,0.275,-0.09867985691073086,-0.018928103624363236
0.6000000000000001,0.275,-0.0953923453005974,-0.025091809512280364
0.625,0.275,-0.09116788374840877,-0.030823845087196537
0.65,0.275,-0.0860653209862286,-0.03599537346352317
0.675,0.275,-0.08016184639741837,-0.04047636495182091
0.7000000000000001,0.275,-0.07355408072751514,-0.04413807318564047
0.7250000000000001,0.275,-0.06635892124662175,-0.04685641470099446
0.75,0.275,-0.058713992625496154,-0.04851627185955669
0.775,0.275,-0.050777561137307366,-0.04901668627796057
0.8,0.275,-0.04272778706998475,-0.04827684858047973
0.8250000000000001,0.275,-0.03476116930292868,-0.04624271940726336
0.8500000000000001,0.275,-0.02709024815450341,-0.04289402714283784
0.875,0.275,-0.01994145860912753,-0.03825133708718756
0.9,0.275,-0.013549753161624503,-0.032382947347173896
0.925,0.275,-0.00814233641401727,-0.02541038010600988
0.9500000000000001,0.275,-0.00399245706424179,-0.017510350711064687
0.9750000000000001,0.275,-0.0015154667031769104,-0.008928926836690868
1.0,0.275,0.0,0.0
0.0,0.30000000000000004,0.0,0.0
0.025,0.30000000000000004,-0.001642302249659934,0.010827639829358995
0.05,0.30000000000000004,-0.004306766847719273,0.020914122488536562
0.07500000000000001,0.30000000000000004,-0.008733382281427319,0.02997472733656231
0.1,0.30000000000000004,-0.014457510102481558,0.03781440483428622
0.125,0.30000000000000004,-0.0211799006706046,0.044306841985359446
0.15000000000000002,0.30000000000000004,-0.028660569122246796,0.04937790123317549
0.17500000000000002,0.30000000000000004,-0.036659249772001475,0.05300087064341199
0.2,0.30000000000000004,-0.04495087131647047,0.05518918180038559
0.225,0.30000000000000004,-0.05332893515617146,0.05598858037835
0.25,0.30000000000000004,-0.06160548426601218,0.055469860212970894
0.275,0.30000000000000004,-0.06961145988598552,0.053722330122385496
0.30000000000000004,0.30000000000000004,-0.07719659594719704,0.0508482062655246
0.325,0.30000000000000004,-0.08422885137902225,0.04695805068570995
0.35000000000000003,0.30000000000000004,-0.09059355609297359,0.04216728305538502
0.375,0.30000000000000004,-0.0961923885052674,0.03659372763548277
0.4,0.30000000000000004,-0.10094229900401033,0.03035610949342541
0.42500000000000004,0.30000000000000004,-0.10477448879461557,0.023573378993634035
0.45,0.30000000000000004,-0.10763354025874614,0.01636471940727013
0.47500000000000003,0.30000000000000004,-0.10947677907883174,0.008850076425027368
0.5,0.30000000000000004,-0.11027393085181472,0.0011510380284807421
0.525,0.30000000000000004,-0.11000711593645263,-0.006608113221312551
0.55,0.30000000000000004,-0.10867120588829446,-0.014299356980767097
0.5750000000000001,0.30000000000000004,-0.10627454278314506,-0.02179008364973852
0.6000000000000001,0.30000000000000004,-0.1028399987003159,-0.028942615646510524
0.625,0.30000000000000004,-0.09840632645474434,-0.03561427707256082
0.65,0.30000000000000004,-0.09302972455784841,-0.04165817666767226
0.675,0.30000000000000004,-0.08678551019108809,-0.04692485084738032
0.7000000000000001,0.30000000000000004,-0.0797697654046135,-0.05126488591594024
0.7250000000000001,0.30000000000000004,-0.07210079620753095,-0.0545325991774819
0.75,0.30000000000000004,-0.06392022540549226,-0.05659080597734654
0.775,0.30000000000000004,-0.055393536768360264,-0.05731663305102977
0.8,0.30000000000000004,-0.04670989536254728,-0.056608259435049664
0.8250000000000001,0.30000000000000004,-0.03808103279603771,-0.05439237491039524
0.8500000000000001,0.30000000000000004,-0.02973920826829776,-0.050632035677723404
0.875,0.30000000000000004,-0.02193515903628588,-0.04533453202892192
0.9,0.30000000000000004,-0.014932210235587063,-0.03855894551481644
0.925,0.30000000000000004,-0.008987971606260406,-0.030422056290712624
0.9500000000000001,0.30000000000000004,-0.004413167572034471,-0.021100362265477297
0.9750000000000001,0.30000000000000004,-0.0016768146769342795,-0.010844757266914404
1.0,0.30000000000000004,0.0,0.0
0.0,0.325,0.0,0.0
0.025,0.325,-0.001792968015679178,0.012882819184840529
0.05,0.325,-0.004697430363704101,0.024732247761196372
0.07500000000000001,0.325,-0.00951331810223685,0.03526405554217684
0.1,0.325,-0.015725245692721965,0.044289572606226006
0.125,0.325,-0.022999695090490557,0.0516933795458158
0.15000000000000002,0.325,-0.03106994423192929,0.05741564859696394
0.17500000000000002,0.325,-0.03967159045745261,0.06144667926226534
0.2,0.325,-0.04855963202195994,0.06381884418137317
0.225,0.325,-0.05751203176043938,0.06459799877206167
0.25,0.325,-0.0663293454362583,0.06387551688943655
0.275,0.325,-0.07483463666995371,0.06176114912944275
0.30000000000000004,0.325,-0.08287281401631107,0.058376921382526356
0.325,0.325,-0.09030944179935586,0.05385220997334989
0.35000000000000003,0.325,-0.09702925382488908,0.04832002575177674
0.375,0.325,-0.1029345232792133,0.04191446600983383
0.4,0.325,-0.10794342839384494,0.03476923875905499
0.42500000000000004,0.325,-0.11198854081252513,0.02701712460450642
0.45,0.325,-0.1150155445433049,0.01879021467542233
0.47500000000000003,0.325,-0.11698227386692503,0.010220745516791495
0.5,0.325,-0.11785813916225846,0.0014423404972159124
0.525,0.325,-0.11762398999943234,-0.007408540125763329
0.55,0.325,-0.11627244451302234,-0.016191143317975883
0.5750000000000001,0.325,-0.11380869216449704,-0.02475916748261514
0.6000000000000001,0.325,-0.11025175257980625,-0.03295991354722714
0.625,0.325,-0.10563614542887816,-0.04063404699242811
0.65,0.325,-0.10001389492726398,-0.047616166517815764
0.675,0.325,-0.09345675787568998,-0.05373635816722868
0.7000000000000001,0.325,-0.08605852761245747,-0.05882288514706831
0.7250000000000001,0.325,-0.07793723022896891,-0.06270612003444594
0.75,0.325,-0.06923699796975885,-0.06522376487442719
0.775,0.325,-0.060129388044965947,-0.0662273244119794
0.8,0.325,-0.050813908439318455,-0.06558969991312077
0.8250000000000001,0.325,-0.04151745776527086,-0.06321365698788779
0.8500000000000001,0.325,-0.03249261840633748,-0.0590407857102619
0.875,0.325,-0.02401572884427523,-0.05306048724556644
0.9,0.325,-0.016380429651528694,-0.04531858163821081
0.925,0.325,-0.009877153828250097,-0.035924064081127166
0.9500000000000001,0.325,-0.004857197534509062,-0.025051597090142732
0.9750000000000001,0.325,-0.0018475775574712792,-0.012957310982540883
1.0,0.325,0.0,0.0
0.0,0.35000000000000003,0.0,0.0
0.025,0.35000000000000003,-0.0019495731426509904,0.015119463269859688
0.05,0.35000000000000003,-0.005102254177932948,0.02887986302377339
0.07500000000000001,0.35000000000000003,-0.010318215300075243,0.04099655449044983
0.1,0.35000000000000003,-0.017028079670262115,0.05128842374835053
0.125,0.35000000000000003,-0.024861857707606443,0.05965366643226703
0.15000000000000002,0.35000000000000003,-0.03352454042257272,0.066050504723312
0.17500000000000002,0.35000000000000003,-0.04272654606082604,0.07049058762282918
0.2,0.35000000000000003,-0.052202475112692485,0.07302977040853018
0.225,0.35000000000000003,-0.061714846042485956,0.07375843510109857
0.25,0.35000000000000003,-0.07105332537025409,0.0727925810815459
0.275,0.35000000000000003,-0.0800341177551536,0.07026590716938814
0.30000000000000004,0.35000000000000003,-0.08849864445854781,0.06632311905320577
0.325,0.35000000000000003,-0.09631162334960883,0.06111460212532348
0.35000000000000003,0.35000000000000003,-0.10335884163748227,0.05479248445378081
0.375,0.35000000000000003,-0.10954481616324174,0.04750803351400782
0.4,0.35000000000000003,-0.11479050963169549,0.03941027158610449
0.42500000000000004,0.35000000000000003,-0.11903124883652613,0.030645653568558615
0.45,0.35000000000000003,-0.12221496473283149,0.02135862406934551
0.47500000000000003,0.35000000000000003,-0.12430085035059013,0.011692853771744215
0.5,0.35000000000000003,-0.12525851116038794,0.001792944474922834
0.525,0.35000000000000003,-0.12506766266930447,-0.00819361506965467
0.55,0.35000000000000003,-0.12371841053438971,-0.018114466256155842
0.5750000000000001,0.35000000000000003,-0.12121212771574265,-0.027810599617451102
0.6000000000000001,0.35000000000000003,-0.11756291940992586,-0.037115008869999584
0.625,0.35000000000000003,-0.1127996380767847,-0.045852014753186336
0.65,0.35000000000000003,-0.10696837663256457,-0.05383748962416558
0.675,0.35000000000000003,-0.10013532745710059,-0.06088020087071813
0.7000000000000001,0.35000000000000003,-0.09238984913572132,-0.06678446468051195
0.7250000000000001,0.35000000000000003,-0.0838475339659358,-0.07135425681241014
0.75,0.35000000000000003,-0.07465302164897039,-0.07439885941737634
0.775,0.35000000000000003,-0.06498226991058273,-0.07574002989049795
0.8,0.35000000000000003,-0.055043967221707416,-0.07522056006554281
0.8250000000000001,0.35000000000000003,-0.04507969485491527,-0.07271395346835086
0.8500000000000001,0.35000000000000003,-0.03536268623507591,-0.06813478151656026
0.875,0.35000000000000003,-0.026196108563230326,-0.06144916707514568
0.9,0.35000000000000003,-0.017906048048829344,-0.05268489201269239
0.925,0.35000000000000003,-0.010818648623473096,-0.04193948362662709
0.9500000000000001,0.35000000000000003,-0.0053297173817673385,-0.029383624780552627
0.9750000000000001,0.35000000000000003,-0.0020299744873549168,-0.015278632821475645
1.0,0.35000000000000003,0.0,0.0
0.0,0.375,0.0,0.0
0.025,0.375,-0.0021133227133280394,0.017544836862290067
0.05,0.375,-0.005523929391356169,0.03336779644239703
0.07500000000000001,0.375,-0.01115227604726652,0.047183417072052154
0.1,0.375,-0.018370780761274023,0.05881984055582217
0.125,0.375,-0.026770147247839063,0.06819218512545415
0.15000000000000002,0.375,-0.036025174167656736,0.07528111126311175
0.17500000000000002,0.375,-0.045819933305960334,0.0801246278648133
0.2,0.375,-0.0558682442931913,0.08280726808331171
0.225,0.375,-0.06591752394661322,0.08344895209194886
0.25,0.375,-0.07574750920145085,0.08219485392157136
0.275,0.375,-0.08516899203294732,0.07920651891731759
0.30000000000000004,0.375,-0.09402169840550674,0.07465447354725456
0.325,0.375,-0.1021714978861111,0.06871245755707289
0.35000000000000003,0.375,-0.10950730597957396,0.06155327985167547
0.375,0.375,-0.11593792039821472,0.05334621156856223
0.4,0.375,-0.12138899017502604,0.044255769062911746
0.42500000000000004,0.375,-0.12580028225356496,0.034441699647309545
0.45,0.375,-0.1291233754872217,0.02405995912237656
0.47500000000000003,0.375,-0.13131988329577043,0.013264456909845772
0.5,0.375,-0.13236028312956946,0.002209337092336517
0.525,0.375,-0.13222341170170454,-0.008948441809101797
0.55,0.375,-0.13089666758997412,-0.02004647139290495
0.5750000000000001,0.375,-0.12837694476455597,-0.030914452728042004
0.6000000000000001,0.375,-0.12467229910630111,-0.04137220946780494
0.625,0.375,-0.11980432238753996,-0.051228421453124576
0.65,0.375,-0.11381116220132531,-0.06028034916971551
0.675,0.375,-0.1067510805315334,-0.06831481409783526
0.7000000000000001,0.375,-0.09870638799431916,-0.07511067966654938
0.7250000000000001,0.375,-0.08978752683674517,-0.08044303542275466
0.75,0.375,-0.08013700807386215,-0.08408921648593208
0.775,0.375,-0.06993284995652232,-0.0858366862733163
0.8,0.375,-0.05939111362732366,-0.08549267197978579
0.8250000000000001,0.375,-0.04876702295448443,-0.08289527037008806
0.8500000000000001,0.375,-0.03835440031177657,-0.07792553344916245
0.875,0.375,-0.028484321697563993,-0.0705198890721146
0.9,0.375,-0.019517606470273674,-0.0606822717970726
0.925,0.375,-0.01181948258286538,-0.048494094836785476
0.9500000000000001,0.375,-0.0058350869108228605,-0.03411908154966511
0.9750000000000001,0.375,-0.0022259260366767563,-0.017822977354095142
1.0,0.375,0.0,0.0
0.0,0.4,0.0,0.0
0.025,0.4,-0.002285220367122513,0.020167306389822462
0.05,0.4,-0.005964579753529773,0.03820817182656109
0.07500000000000001,0.4,-0.012018433437939235,0.05383643219405406
0.1,0.4,-0.01975576991256379,0.06689186377436697
0.125,0.4,-0.028724472420698158,0.07731063324054739
0.15000000000000002,0.4,-0.038566864300117555,0.08510113139965116
0.17500000000000002,0.4,-0.048939395942968526,0.09033365098281113
0.2,0.4,-0.05953486133641605,0.09312745379728789
0.225,0.4,-0.07008624903576095,0.09363775466528938
0.25,0.4,-0.08036478682657995,0.0920440518315065
0.275,0.4,-0.09017783270140808,0.08854007604024766
0.30000000000000004,0.4,-0.09936576444198846,0.08332559637168013
0.325,0.4,-0.10779814267614628,0.0766001845232571
0.35000000000000003,0.4,-0.11536958935201971,0.06855889526757648
0.375,0.4,-0.12199567247760873,0.05938972745932231
0.4,0.4,-0.127609025729487,0.04927267059759557
0.42500000000000004,0.4,-0.13215588269843415,0.03838010753980179
0.45,0.4,-0.13559316106013006,0.026878327539504136
0.47500000000000003,0.4,-0.13788619828496052,0.014929897988782474
0.5,0.4,-0.13900721642493966,0.0026966419414924626
0.525,0.4,-0.13893457636042622,-0.009657032992953963
0.55,0.4,-0.1376528685796699,-0.021960713498402427
0.5750000000000001,0.4,-0.13515387447580288,-0.03403473562350412
0.6000000000000001,0.4,-0.13143841539699447,-0.045687398299995005
0.625,0.4,-0.12651908232105888,-0.05671293361140649
0.65,0.4,-0.12042380339427114,-0.06689054654741905
0.675,0.4,-0.11320015674987814,-0.07598484382178812
0.7000000000000001,0.4,-0.10492027054976615,-0.08374796273494974
0.7250000000000001,0.4,-0.09568607147103471,-0.08992367772522776
0.75,0.4,-0.08563455103074195,-0.09425369425462615
0.775,0.4,-0.07494263079912873,-0.09648622826702175
0.8,0.4,-0.06383112136669808,-0.09638681039334825
0.8250000000000001,0.4,-0.05256711896069618,-0.09375104591469018
0.8500000000000001,0.4,-0.041464423558076606,-0.0884188007532509
0.875,0.4,-0.030882828720417328,-0.08028906896141333
0.9,0.4,-0.02122026016473423,-0.06933474663801974
0.925,0.4,-0.012884878642238636,-0.05561515537873779
0.9500000000000001,0.4,-0.006376885481661384,-0.03928290471186309
0.9750000000000001,0.4,-0.002437085002440407,-0.02060644459495645
1.0,0.4,0.0,0.0
0.0,0.42500000000000004,0.0,0.0
0.025,0.42500000000000004,-0.002466151428470144,0.02299611541554345
0.05,0.42500000000000004,-0.006425930302928961,0.04341389226139207
0.07500000000000001,0.42500000000000004,-0.012918568243788689,0.06096709091890524
0.1,0.42500000000000004,-0.021183285425809793,0.07551034905171132
0.125,0.42500000000000004,-0.030720885281220557,0.0870060932933387
0.15000000000000002,0.42500000000000004,-0.04113854296439539,0.0954969401975668
0.17500000000000002,0.42500000000000004,-0.05206375083849312,0.10109258809775354
0.2,0.42500000000000004,-0.06316826246136036,0.10395416983336953
0.225,0.42500000000000004,-0.07417176254612573,0.1042788679194478
0.25,0.42500000000000004,-0.08483898248952242,0.1022863596889449
0.275,0.42500000000000004,-0.09497648522388943,0.09820738622576715
0.30000000000000004,0.42500000000000004,-0.10442831606115831,0.09227466061659344
0.325,0.42500000000000004,-0.1130709005923651,0.08471616263835821
0.35000000000000003,0.42500000000000004,-0.12080772020117858,0.07575070645934243
0.375,0.42500000000000004,-0.12756410637326365,0.06558557218620469
0.4,0.42500000000000004,-0.13328240761555576,0.05441593927399169
0.42500000000000004,0.42500000000000004,-0.13791771651384785,0.04242583682695721
0.45,0.42500000000000004,-0.14143428913233927,0.029790322434968767
0.47500000000000003,0.42500000000000004,-0.1438027506374462,0.01667860778911101
0.5,0.42500000000000004,-0.1449981572977263,0.0032578581127705526
0.525,0.42500000000000004,-0.14499897195877576,-0.010302602205847673
0.55,0.42500000000000004,-0.14378700340596312,-0.023826947226068738
0.5750000000000001,0.42500000000000004,-0.1413483549196285,-0.037128650584903077
0.6000000000000001,0.42500000000000004,-0.1376754186160083,-0.050006730204471855
0.625,0.42500000000000004,-0.13276993450474356,-0.062242763271466536
0.65,0.42500000000000004,-0.12664710121448175,-0.07359902729112698
0.675,0.42500000000000004,-0.11934067421695911,-0.08381814760195361
0.7000000000000001,0.42500000000000004,-0.11090891353026353,-0.09262464206118479
0.7250000000000001,0.42500000000000004,-0.10144114472983135,-0.09972873733595565
0.75,0.42500000000000004,-0.09106457740784496,-0.10483277419194115
0.775,0.42500000000000004,-0.07995089922920096,-0.10764040728749533
0.8,0.42500000000000004,-0.06832203100248156,-0.10786862833998286
0.8250000000000001,0.42500000000000004,-0.05645421935597431,-0.105262393539194
0.8500000000000001,0.42500000000000004,-0.044679863566435066,-0.09961130979919153
0.875,0.42500000000000004,-0.03338782781258555,-0.09076753629837789
0.9,0.42500000000000004,-0.02301548103130045,-0.07866394494893926
0.925,0.42500000000000004,-0.014018203821073712,-0.06333001942970876
0.9500000000000001,0.42500000000000004,-0.006957954824151872,-0.044901526297489995
0.9750000000000001,0.42500000000000004,-0.0026648736762435957,-0.023646637277074244
1.0,0.42500000000000004,0.0,0.0
0.0,0.45,0.0,0.0
0.025,0.45,-0.002656987304073814,0.026041250201872358
0.05,0.45,-0.0069095208213093865,0.04899820891149899
0.07500000000000001,0.45,-0.013853787956392312,0.06858569823632028
0.1,0.45,-0.022651603477755,0.08467750809588383
0.125,0.45,-0.032751592241532165,0.09726895900309596
0.15000000000000002,0.45,-0.04372271912311076,0.10644496349961532
0.17500000000000002,0.45,-0.055162204170930686,0.11236328939966392
0.2,0.45,-0.06672111800002578,0.1152354508966339
0.225,0.45,-0.07810758819724949,0.1153083779219792
0.25,0.45,-0.08908262875465144,0.11284859126588988
0.275,0.45,-0.09945546346681688,0.10812918394694168
0.30000000000000004,0.45,-0.1090776171569235,0.10141976943583593
0.325,0.45,-0.11783628264511814,0.09297935013301928
0.35000000000000003,0.45,-0.12564758958606248,0.08305188365895134
0.375,0.45,-0.13245016305772594,0.07186423244455434
0.4,0.45,-0.13819924111940238,0.05962614403290355
0.42500000000000004,0.45,-0.14286153394363169,0.046531906247640344
0.45,0.45,-0.1464109404676546,0.03276333858807509
0.47500000000000003,0.45,-0.1488251966449916,0.018493806380362247
0.5,0.45,-0.1500835081501888,0.0038929679400362396
0.525,0.45,-0.1501652142352375,-0.010868019381563808
0.55,0.45,-0.1490495327026905,-0.025611105147116044
0.5750000000000001,0.45,-0.14671644257668714,-0.040146046053418934
0.6000000000000001,0.45,-0.1431487646107169,-0.05426550898939948
0.625,0.45,-0.1383354933958455,-0.0677409248379351
0.65,0.45,-0.1322764113201178,-0.08031948882386866
0.675,0.45,-0.12498796671330893,-0.09172275199356383
0.7000000000000001,0.45,-0.11651031975434106,-0.10164728657183889
0.7250000000000001,0.45,-0.10691534532333023,-0.10976791986461946
0.75,0.45,-0.09631523194219303,-0.11574399765048395
0.775,0.45,-0.08487114457911789,-0.11922903729717962
0.8,0.45,-0.07280122569905563,-0.11988394449710539
0.8250000000000001,0.45,-0.06038692102474559,-0.11739367976876414
0.8500000000000001,0.45,-0.047976792875488464,-0.11148685691322881
0.875,0.45,-0.03598841054067991,-0.10195734673742801
0.9,0.45,-0.02490069776811418,-0.08868672221875955
0.925,0.45,-0.015220905267250869,-0.07166457506622625
0.9500000000000001,0.45,-0.007580449105394971,-0.05100202287106333
0.9750000000000001,0.45,-0.0029105277661439807,-0.026962343538795508
1.0,0.45,0.0,0.0
0.0,0.47500000000000003,0.0,0.0
0.025,0.47500000000000003,-0.002858716501414939,0.029313417466770925
0.05,0.47500000000000003,-0.007416969694213257,0.05497439418352455
0.07500000000000001,0.47500000000000003,-0.014824759680079054,0.07670048608381994
0.1,0.47500000000000003,-0.024157274610398863,0.09439029640796069
0.125,0.47500000000000003,-0.034804900050313774,0.10808054760808662
0.15000000000000002,0.47500000000000003,-0.04629496476104558,0.11790857266280433
0.17500000000000002,0.47500000000000003,-0.0581932655905651,0.12409084070919799
0.2,0.47500000000000003,-0.07013113291534491,0.12689944867295286
0.225,0.47500000000000003,-0.08180774515790716,0.12664016343000387
0.25,0.47500000000000003,-0.0929841714380325,0.12363391337117749
0.275,0.47500000000000003,-0.10347675979976156,0.11820200087277948
0.30000000000000004,0.47500000000000003,-0.11314926371275738,0.11065508683774473
0.325,0.47500000000000003,-0.12190436285243483,0.10128574875145674
0.35000000000000003,0.47500000000000003,-0.12967530207913472,0.09036422868226857
0.375,0.47500000000000003,-0.13641807229881645,0.07813691055216337
0.4,0.47500000000000003,-0.14210440028446625,0.06482705514156083
0.42500000000000004,0.47500000000000003,-0.14671570541458706,0.05063734941350234
0.45,0.47500000000000003,-0.1502381039555546,0.035753874190809734
0.47500000000000003,0.47500000000000003,-0.15265849846667212,0.020351145557866848
0.5,0.47500000000000003,-0.15396177438023345,0.004597929601752937
0.525,0.47500000000000003,-0.15412913023608865,-0.011336439987368375
0.55,0.47500000000000003,-0.15313758524504026,-0.027275500992921566
0.5750000000000001,0.47500000000000003,-0.15096073063157264,-0.04302912849778701
0.6000000000000001,0.47500000000000003,-0.14757081201294409,-0.058387330300820266
0.625,0.47500000000000003,-0.14294224074015927,-0.07311472845567588
0.65,0.47500000000000003,-0.13705662348838635,-0.0869461541120156
0.675,0.47500000000000003,-0.12990936146634108,-0.0995838627346953
0.7000000000000001,0.47500000000000003,-0.12151779318534178,-0.11069695327200127
0.7250000000000001,0.47500000000000003,-0.1119307283783514,-0.11992362921444608
0.75,0.47500000000000003,-0.1012390404080705,-0.12687694644386482
0.775,0.47500000000000003,-0.08958676130405384,-0.13115462171088837
0.8,0.47500000000000003,-0.07718185381450922,-0.1323532953215139
0.8250000000000001,0.47500000000000003,-0.06430544088541724,-0.13008732155092384
0.8500000000000001,0.47500000000000003,-0.0513183715311339,-0.12401167068447731
0.875,0.47500000000000003,-0.03866546937960992,-0.11384797713580021
0.9,0.47500000000000003,-0.02686881648234859,-0.0994123525860689
0.925,0.47500000000000003,-0.016492413735594954,-0.08064145302435462
0.9500000000000001,0.47500000000000003,-0.008245891163244302,-0.057611207575808975
0.9750000000000001,0.47500000000000003,-0.0031751496493155566,-0.030573248465077394
1.0,0.47500000000000003,0.0,0.0
0.0,0.5,0.0,0.0
0.025,0.5,-0.0030726096998123084,0.032824160524503834
0.05,0.5,-0.007950295551595238,0.06135553130197445
0.07500000000000001,0.5,-0.015832083859165767,0.08531669749245586
0.1,0.5,-0.025695318668975623,0.10463856652577332
0.125,0.5,-0.03686497790602114,0.11941027513221485
0.15000000000000002,0.5,-0.04882303922464415,0.12983439043571546
0.17500000000000002,0.5,-0.061103118343084045,0.13619921548860672
0.2,0.5,-0.07331864659195665,0.13884969632404612
0.225,0.5,-0.08516365098787998,0.13816104034823154
0.25,0.5,-0.09640431437924527,0.13451710299525238
0.275,0.5,-0.10686980615720947,0.12829371325862954
0.30000000000000004,0.5,-0.11644194324957986,0.11984679105110005
0.325,0.5,-0.12504450267722664,0.10950482052599328
0.35000000000000003,0.5,-0.13263299971808984,0.09756506433434557
0.375,0.5,-0.13918536855010333,0.08429286085256499
0.4,0.5,-0.14469378179377182,0.06992338144383119
0.42500000000000004,0.5,-0.14915771343312945,0.054665299938519686
0.45,0.5,-0.1525782644156512,0.038705916316897786
0.47500000000000003,0.5,-0.15495373019954387,0.022217362791318633
0.5,0.5,-0.15627638431920707,0.005363591400457769
0.525,0.5,-0.1565304715948714,-0.01169210937075686
0.55,0.5,-0.15569144029699966,-0.028779299831401418
0.5750000000000001,0.5,-0.15372648628047975,-0.0457125148520082
0.6000000000000001,0.5,-0.1505965256737924,-0.06228360721469226
0.625,0.5,-0.14625974701848798,-0.07825465436023907
0.65,0.5,-0.140676908058151,-0.09335187081889869
0.675,0.5,-0.13381852378764023,-0.10726108624674535
0.7000000000000001,0.5,-0.12567402623274576,-0.11962547523305338
0.7250000000000001,0.5,-0.11626284695265626,-0.13004633908325294
0.75,0.5,-0.10564716779920896,-0.1380878105649892
0.775,0.5,-0.09394580770163391,-0.14328633866877394
0.8,0.5,-0.08134835215683416,-0.14516566389731514
0.8250000000000001,0.5,-0.06812810019090766,-0.14325766252748445
0.8500000000000001,0.5,-0.05465237742068655,-0.13712886533239776
0.875,0.5,-0.04139022038862157,-0.12641173867701908
0.9,0.5,-0.028907546419842695,-0.1108391566062517
0.925,0.5,-0.01782998835000843,-0.09027792836060354
0.9500000000000001,0.5,-0.008955235101730356,-0.06475463814393545
0.9750000000000001,0.5,-0.0034597754784660285,-0.03449967888809534
1.0,0.5,0.0,0.0
0.0,0.525,0.0,0.0
0.025,0.525,-0.0033004282779197265,0.03658614474702157
0.05,0.525,-0.00851230329628053,0.06815441999945518
0.07500000000000001,0.525,-0.016876681258440628,0.0944355723341235
0.1,0.525,-0.027259281965136047,0.11540284253606475
0.125,0.525,-0.03891124939322783,0.13121219673156787
0.15000000000000002,0.525,-0.05126537329901978,0.14214779182991344
0.17500000000000002,0.525,-0.0638230909826399,0.1485860650522335
0.2,0.525,-0.07618313002819044,0.1509595644535271
0.225,0.525,-0.08803979874691942,0.14972523749935196
0.25,0.525,-0.09917110668949629,0.14533932911434302
0.275,0.525,-0.10942623405159271,0.13823882698185713
0.30000000000000004,0.525,-0.11871212476902665,0.12882896895734727
0.325,0.525,-0.1269801941066416,0.11747601766962441
0.35000000000000003,0.525,-0.13421402909753186,0.10450436360908674
0.375,0.525,-0.14041849125880304,0.09019704029104023
0.4,0.525,-0.14561038377602173,0.07479884258919632
0.42500000000000004,0.525,-0.14981069412340636,0.05852138183122075
0.45,0.525,-0.15303833637014444,0.041549557578137754
0.47500000000000003,0.525,-0.15530528733603888,0.024049056493412827
0.5,0.525,-0.15661302220445608,0.0061745922232252295
0.525,0.525,-0.15695019535030788,-0.011921328941443845
0.55,0.525,-0.1562915710553737,-0.030079296754831602
0.5750000000000001,0.525,-0.1545982781311368,-0.04812372284119503
0.6000000000000001,0.525,-0.15181953416681568,-0.06585362858319564
0.625,0.525,-0.1478960500648923,-0.08303380292610257
0.65,0.525,-0.1427653720253577,-0.09938676147346533
0.675,0.525,-0.1363694309051197,-0.11458609863935608
0.7000000000000001,0.525,-0.12866452836400027,-0.12825201160429
0.7250000000000001,0.525,-0.11963387181293332,-0.13994996771560783
0.75,0.525,-0.10930255221693806,-0.1491936505395708
0.775,0.525,-0.09775453150052149,-0.15545340139976113
0.8,0.525,-0.0851507438717256,-0.15817130454641126
0.8250000000000001,0.525,-0.07174671198446347,-0.1567837609708086
0.8500000000000001,0.525,-0.05790786840097227,-0.15075176225025147
0.875,0.525,-0.044122140829269116,-0.13959817472185912
0.9,0.525,-0.03099841648713129,-0.12295036960186753
0.925,0.525,-0.01922846056085507,-0.1005833919476316
0.9500000000000001,0.525,-0.009708933683989361,-0.07245549675261467
0.9750000000000001,0.525,-0.003765462225919137,-0.03876238718168231
1.0,0.525,0.0,0.0
0.0,0.55,0.0,0.0
0.025,0.55,-0.0035446877386823934,0.04061364777613099
0.05,0.55,-0.009107036495775466,0.07538357456186354
0.07500000000000001,0.55,-0.017960135678715072,0.10405310125234303
0.1,0.55,-0.02884099024209153,0.12665147554674178
0.125,0.55,-0.04091711382763495,0.14342060636734077
0.15000000000000002,0.55,-0.05356848424734134,0.15474728680003905
0.17500000000000002,0.55,-0.06626570486053084,0.16111638106946918
0.2,0.55,-0.07859800359146138,0.16306572910389766
0.225,0.55,-0.09026762968553653,0.16114813002119394
0.25,0.55,-0.10107323583139997,0.1559024923170318
0.275,0.55,-0.11089297195764544,0.14783362775354328
0.30000000000000004,0.55,-0.11966731366737167,0.13739965303656598
0.325,0.55,-0.1273827616724446,0.1250056772564832
0.35000000000000003,0.55,-0.13405729853136572,0.11100239721038924
0.375,0.55,-0.1397279176703743,0.09568835746733934
0.4,0.55,-0.1444402495008997,0.07931484844174756
0.42500000000000004,0.55,-0.14824014911870162,0.062092650480461364
0.45,0.55,-0.15116703349998759,0.044200050346549835
0.47500000000000003,0.55,-0.1532487464710057,0.025791739937790277
0.5,0.55,-0.15449776618111677,0.0070083478815541975
0.525,0.55,-0.15490863662841822,-0.012013549420703347
0.55,0.55,-0.15445659143717227,-0.03113103992820565
0.5750000000000001,0.55,-0.15309743685798993,-0.05018420890046989
0.6000000000000001,0.55,-0.15076886520252816,-0.06898533303805075
0.625,0.55,-0.14739347178961387,-0.08730817013557991
0.65,0.55,-0.14288383685792466,-0.10487772717182647
0.675,0.55,-0.13715009212556942,-0.12136109444287864
0.7000000000000001,0.55,-0.13011039592552023,-0.1363601892796175
0.7250000000000001,0.55,-0.12170465866529605,-0.1494075434696091
0.75,0.55,-0.11191165390919655,-0.15996655819862354
0.775,0.55,-0.10076929186688062,-0.1674378776926701
0.8,0.55,-0.0883972706249103,-0.1711736072272799
0.8250000000000001,0.55,-0.07502041751560701,-0.17050089850716732
0.8500000000000001,0.55,-0.06099056962100909,-0.16475578953570819
0.875,0.55,-0.046806013743075,-0.15332711634692403
0.9,0.55,-0.033115297378250315,-0.13570896085986195
0.925,0.55,-0.020679802680574486,-0.11155620006558092
0.9500000000000001,0.55,-0.01050700251149057,-0.08073326793516389
0.9750000000000001,0.55,-0.004093401973767602,-0.0433823803065255
1.0,0.55,0.0,0.0
0.0,0.5750000000000001,0.0,0.0
0.025,0.5750000000000001,-0.0038089891234288882,0.04492329260597149
0.05,0.5750000000000001,-0.009740286147790211,0.08305524612845015
0.07500000000000001,0.5750000000000001,-0.019084878134394096,0.11415830891328389
0.1,0.5750000000000001,-0.030429708980180308,0.13833679207409144
0.125,0.5750000000000001,-0.04284750927248842,0.15594423473619642
0.15000000000000002,0.5750000000000001,-0.055662658292629924,0.16749734256391224
0.17500000000000002,0.5750000000000001,-0.0683185166066601,0.17361468471546004
0.2,0.5750000000000001,-0.08040295113192635,0.1749604504530341
0.225,0.5750000000000001,-0.0916368052150805,0.1721991892196484
0.25,0.5750000000000001,-0.10185081538012476,0.16596323105574104
0.275,0.5750000000000001,-0.1109630922339601,0.1568314284506598
0.30000000000000004,0.5750000000000001,-0.11895742637632507,0.14531732133757622
0.325,0.5750000000000001,-0.12586362442863236,0.1318646544879024
0.35000000000000003,0.5750000000000001,-0.13174066517203836,0.11684829472932
0.375,0.5750000000000001,-0.1366627929893915,0.10057891090655845
0.4,0.5750000000000001,-0.14070834911363808,0.08331015147129994
0.42500000000000004,0.5750000000000001,-0.1439509924731578,0.0652474097731996
0.45,0.5750000000000001,-0.1464529145668351,0.046557572076383086
0.47500000000000003,0.5750000000000001,-0.14825967863794148,0.02737938581470246
0.5,0.5750000000000001,-0.14939638519777837,0.007834265188393027
0.525,0.5750000000000001,-0.14986496576499295,-0.011962527690346041
0.55,0.5750000000000001,-0.14964252439656514,-0.03189032085042964
0.5750000000000001,0.5750000000000001,-0.1486807767064266,-0.05181106951945789
0.6000000000000001,0.5750000000000001,-0.1469067748967279,-0.07155701102113532
0.625,0.5750000000000001,-0.14422525035148648,-0.090918055084245
0.65,0.5750000000000001,-0.14052304401811505,-0.10962919424558343
0.675,0.5750000000000001,-0.13567621344469247,-0.12735846356077996
0.7000000000000001,0.5750000000000001,-0.12956047753431987,-0.1436963056754783
0.7250000000000001,0.5750000000000001,-0.12206564522419251,-0.15814759984944277
0.75,0.5750000000000001,-0.11311451813645237,-0.1701280631217939
0.775,0.5750000000000001,-0.10268640642006154,-0.17896716501352686
0.8,0.5750000000000001,-0.09084476214486106,-0.18392000438642142
0.8250000000000001,0.5750000000000001,-0.07776732304715467,-0.18419060823670558
0.8500000000000001,0.5750000000000001,-0.06377637686733391,-0.17896858972334317
0.875,0.5750000000000001,-0.049367594994316505,-0.1674799399395235
0.9,0.5750000000000001,-0.03522212094941012,-0.14905097375025397
0.925,0.5750000000000001,-0.022172385016414824,-0.12317960082456826
0.9500000000000001,0.5750000000000001,-0.011349057623245397,-0.08960208893021832
0.9750000000000001,0.5750000000000001,-0.004445070932664511,-0.04838079803946403
1.0,0.5750000000000001,0.0,0.0
0.0,0.6000000000000001,0.0,0.0
0.025,0.6000000000000001,-0.004098431289241402,0.0495350592829696
0.05,0.6000000000000001,-0.010420118378358033,0.09118131865332305
0.07500000000000001,0.6000000000000001,-0.020253992252971992,0.12473065274048349
0.1,0.6000000000000001,-0.032010211729911565,0.15038961996412967
0.125,0.6000000000000001,-0.04465452431189417,0.16865836326274744
0.15000000000000002,0.6000000000000001,-0.057454874413527014,0.18021903843986653
0.17500000000000002,0.6000000000000001,-0.06983460167595347,0.18585531550064646
0.2,0.6000000000000001,-0.08139256471354189,0.18638246723860588
0.225,0.6000000000000001,-0.091882801052415,0.18259418843952815
0.25,0.6000000000000001,-0.1011827500680647,0.1752268364228482
0.275,0.6000000000000001,-0.10926368868629961,0.16493830726301117
0.30000000000000004,0.6000000000000001,-0.11616377503640082,0.15229835096771013
0.325,0.6000000000000001,-0.12196480754141645,0.13778723146431743
0.35000000000000003,0.6000000000000001,-0.12677321882747186,0.12180006189038264
0.375,0.6000000000000001,-0.1307050740527909,0.10465473409073318
0.4,0.6000000000000001,-0.13387453718377956,0.08660194405497987
0.42500000000000004,0.6000000000000001,-0.13638516733734204,0.06783631818582807
0.45,0.6000000000000001,-0.1383234176642493,0.04850804666672216
0.47500000000000003,0.6000000000000001,-0.13975379032290816,0.02873473166738355
0.5,0.6000000000000001,-0.1407152201077476,0.008613372487974048
0.525,0.6000000000000001,-0.14121839760913513,-0.011767448335472707
0.55,0.6000000000000001,-0.14124389271366444,-0.032315032843620056
0.5750000000000001,0.6000000000000001,-0.14074109930542802,-0.05291951814316463
0.6000000000000001,0.6000000000000001,-0.13962819368551777,-0.07344016817589179
0.625,0.6000000000000001,-0.13779348348713022,-0.09369095938635004
0.65,0.6000000000000001,-0.13509871778777485,-0.11342558584127585
0.675,0.6000000000000001,-0.13138512127237928,-0.13232228051283426
0.7000000000000001,0.6000000000000001,-0.12648308057643068,-0.14996923823198893
0.7250000000000001,0.6000000000000001,-0.1202265035786339,-0.16585194352293303
0.75,0.6000000000000001,-0.11247282257844766,-0.17934434258526358
0.775,0.6000000000000001,-0.10312933619985555,-0.1897065010584821
0.8,0.6000000000000001,-0.09218594045709357,-0.1960920413902069
0.8250000000000001,0.6000000000000001,-0.0797530110407622,-0.19756904316826263
0.8500000000000001,0.6000000000000001,-0.06610205802747379,-0.19315788046908464
0.875,0.6000000000000001,-0.051707132693741546,-0.1818883974893937
0.9,0.6000000000000001,-0.03726927656619934,-0.16287674684161646
0.925,0.6000000000000001,-0.023689671664240745,-0.135416258598909
0.9500000000000001,0.6000000000000001,-0.01223426955072288,-0.09906855463512873
0.9750000000000001,0.6000000000000001,-0.004822417617773082,-0.05377883501727533
1.0,0.6000000000000001,0.0,0.0
0.0,0.625,0.0,0.0
0.025,0.625,-0.004420110159574167,0.05447359642299174
0.05,0.625,-0.011157322864824815,0.09977277571373923
0.07500000000000001,0.625,-0.021470221561928852,0.13573583250461277
0.1,0.625,-0.03355889127037737,0.162711228389759
0.125,0.625,-0.046269768363239615,0.18139386410695296
0.15000000000000002,0.625,-0.05881738674088938,0.19267774884344432
0.17500000000000002,0.625,-0.0706179867938098,0.19755033421942253
0.2,0.625,-0.08129969526947892,0.19700638262402878
0.225,0.625,-0.0906694012915685,0.19198687258113326
0.25,0.625,-0.09866953839814976,0.18334154295110033
0.275,0.625,-0.10533995624222767,0.17180997670674078
0.30000000000000004,0.625,-0.11078513420966933,0.15801615443493877
0.325,0.625,-0.11514744066042346,0.14247205182935638
0.35000000000000003,0.625,-0.11858641783876074,0.12558677571503699
0.375,0.625,-0.12126331160849729,0.10767870894320658
0.4,0.625,-0.12332983749592548,0.08898898492542227
0.42500000000000004,0.625,-0.1249201754886098,0.06969528327436372
0.45,0.625,-0.12614529276056397,0.049925434471233585
0.47500000000000003,0.625,-0.12708885363005887,0.029770671394718593
0.5,0.625,-0.12780415416289617,0.009298601927547343
0.525,0.625,-0.12831169895782105,-0.011433871047967403
0.55,0.625,-0.1285972171629935,-0.03236736717046991
0.5750000000000001,0.625,-0.12861009871351975,-0.053426231878279516
0.6000000000000001,0.625,-0.1282624288116055,-0.07450378849279302
0.625,0.625,-0.12742901799914472,-0.09544637857613572
0.65,0.625,-0.1259490725801435,-0.11603608919233113
0.675,0.625,-0.12363042321897834,-0.13597233887261648
0.7000000000000001,0.625,-0.12025751030301743,-0.1548529197160733
0.7250000000000001,0.625,-0.11560456925845802,-0.17215570927708143
0.75,0.625,-0.10945558774027796,-0.18722309529486933
0.775,0.625,-0.10163250636688848,-0.19925218010691595
0.8,0.625,-0.09203259978852542,-0.2072949523377581
0.8250000000000001,0.625,-0.0806746142179162,-0.21027359844450047
0.8500000000000001,0.625,-0.0677517706663439,-0.2070165411907342
0.875,0.625,-0.053689509299504244,-0.19632016401166696
0.9,0.625,-0.03918779936347954,-0.17703906316307913
0.925,0.625,-0.025207892911992567,-0.14820060782383318
0.9500000000000001,0.625,-0.013161104974256578,-0.1091285937757464
0.9750000000000001,0.625,-0.005228082569891299,-0.059597676250529245
1.0,0.625,0.0,0.0
0.0,0.65,0.0,0.0
0.025,0.65,-0.004783685477601274,0.05976981075221004
0.05,0.65,-0.01196555003541504,0.10883815442060855
0.07500000000000001,0.65,-0.022733381338014537,0.14711882234264498
0.1,0.65,-0.035036408640633246,0.17516119130458746
0.125,0.65,-0.04759139922068491,0.1939217633889746
0.15000000000000002,0.65,-0.059569534635608226,0.20456684413247325
0.17500000000000002,0.65,-0.07040157740349796,0.20833457121639004
0.2,0.65,-0.07977129079920119,0.20643061726822737
0.225,0.65,-0.08756427736287459,0.1999606167974783
0.25,0.65,-0.09381017410556082,0.18989403194336318
0.275,0.65,-0.09863460671709874,0.17705078957211132
0.30000000000000004,0.65,-0.10222044237566072,0.1621030554275284
0.325,0.65,-0.10477813537859482,0.14558610172276323
0.35000000000000003,0.65,-0.10652422398141574,0.1279138879205602
0.375,0.65,-0.10766639508323604,0.10939646122801597
0.4,0.65,-0.10839349255547417,0.09025744446458336
0.42500000000000004,0.65,-0.10886902460492424,0.0706507156634871
0.45,0.65,-0.10922697583000719,0.050675953975121174
0.47500000000000003,0.65,-0.1095689934963044,0.030393097970004074
0.5,0.65,-0.10996226386165994,0.009835996337035231
0.525,0.65,-0.11043761493409768,-0.010974325595189932
0.55,0.65,-0.1109875832173066,-0.03201627515776339
0.5750000000000001,0.65,-0.11156437761898039,-0.05325362546683264
0.6000000000000001,0.65,-0.11207788172200388,-0.07462021483063609
0.625,0.65,-0.1123940752998347,-0.09600289850666198
0.65,0.65,-0.11233454514274112,-0.11722235803627033
0.675,0.65,-0.11167810550820216,-0.1380116112032866
0.7000000000000001,0.65,-0.11016595729158073,-0.15799248215037937
0.7250000000000001,0.65,-0.10751225159825792,-0.1766509592913319
0.75,0.65,-0.10342231201229626,-0.19331336133392432
0.775,0.65,-0.09762097975013241,-0.20712659345215384
0.8,0.65,-0.08989330915369631,-0.21704747243702052
0.8250000000000001,0.65,-0.08013862426823043,-0.22184793131151154
0.8500000000000001,0.65,-0.06843732747124213,-0.22014438721201635
0.875,0.65,-0.05512904074718921,-0.21045997247679385
0.9,0.65,-0.04087983563745263,-0.19132681564919682
0.925,0.65,-0.02669183437882596,-0.16142779324867795
0.9500000000000001,0.65,-0.014126573713324786,-0.11976273306554956
0.9750000000000001,0.65,-0.005665606401787155,-0.06585835590242867
1.0,0.65,0.0,0.0
0.0,0.675,0.0,0.0
0.025,0.675,-0.005201918808499063,0.06546260355274251
0.05,0.675,-0.012860610537599187,0.11837988008098295
0.07500000000000001,0.675,-0.024034651496936767,0.1587921309127541
0.1,0.675,-0.03637424936493372,0.18753889874100915
0.125,0.675,-0.04846238544021856,0.205931406315015
0.15000000000000002,0.675,-0.059449072832117755,0.21548625062543308
0.17500000000000002,0.675,-0.06881407929135444,0.21774754747965905
0.2,0.675,-0.07633378207329794,0.21416444552775893
0.225,0.675,-0.08200545216086697,0.20602116305827725
0.25,0.675,-0.0859717146295071,0.19440756490723224
0.275,0.675,-0.08846187977133951,0.18021641392656518
0.30000000000000004,0.675,-0.08974795588014962,0.16415639188414666
0.325,0.675,-0.09011346938895144,0.14677308150693627
0.35000000000000003,0.675,-0.08983273491445463,0.12847278965252837
0.375,0.675,-0.08915791407813314,0.1095461896247575
0.4,0.675,-0.08831150177145303,0.09019023359374706
0.42500000000000004,0.675,-0.08748233028817227,0.07052774728637808
0.45,0.675,-0.08682362422434022,0.05062471027547031
0.47500000000000003,0.675,-0.08645202600352307,0.030505569774465016
0.5,0.675,-0.08644682770857541,0.01016712849792219
0.525,0.675,-0.08684889699850223,-0.010408345724456345
0.55,0.675,-0.08765899265339752,-0.03124007699638342
0.5750000000000001,0.675,-0.08883535368273603,-0.05233504995987646
0.6000000000000001,0.675,-0.09029064284764543,-0.07367280560041858
0.625,0.675,-0.09188856122545006,-0.09518797516627099
0.65,0.675,-0.09344075665887508,-0.1167498117287773
0.675,0.675,-0.09470505587349586,-0.13813813257134955
0.7000000000000001,0.675,-0.09538657945593042,-0.15901542412052377
0.7250000000000001,0.675,-0.09514394887120278,-0.1788954957361636
0.75,0.675,-0.09360351622496853,-0.1971101372918711
0.775,0.675,-0.09038522089091418,-0.21277688026324107
0.8,0.675,-0.08514399757129756,-0.22477327519939633
0.8250000000000001,0.675,-0.07762995165747248,-0.23172600765762977
0.8500000000000001,0.675,-0.06776915073882765,-0.2320262394308612
0.875,0.675,-0.05576579833508297,-0.22388492098611248
0.9,0.675,-0.042202781449381915,-0.2054421213517747
0.925,0.675,-0.02808713042775009,-0.17493717784021842
0.9500000000000001,0.675,-0.015124369976364835,-0.1309285171799458
0.9750000000000001,0.675,-0.00613948734857139,-0.07258131132605379
1.0,0.675,0.0,0.0
0.0,0.7000000000000001,0.0,0.0
0.025,0.7000000000000001,-0.005690877268413043,0.07160036910654721
0.05,0.7000000000000001,-0.013857759787852702,0.128386404801507
0.07500000000000001,0.7000000000000001,-0.025344818501595475,0.17061596448895996
0.1,0.7000000000000001,-0.037450567879651245,0.19955531262162338
0.125,0.7000000000000001,-0.04863444320939726,0.21699973576384643
0.15000000000000002,0.7000000000000001,-0.0580674332212184,0.2249147787466659
0.17500000000000002,0.7000000000000001,-0.06533104356434719,0.225212568454613
0.2,0.7000000000000001,-0.07034429555424537,0.21961549355910706
0.225,0.7000000000000001,-0.07325620612069161,0.20959246985932345
0.25,0.7000000000000001,-0.07435025410946124,0.1963450432213744
0.275,0.7000000000000001,-0.07397584703852,0.18082243280407967
0.30000000000000004,0.7000000000000001,-0.07250125137865815,0.16375087093732646
0.325,0.7000000000000001,-0.07028342119894637,0.14566786870016207
0.35000000000000003,0.7000000000000001,-0.06765039689153308,0.12695599348063152
0.375,0.7000000000000001,-0.06489230092373266,0.10787346633505467
0.4,0.7000000000000001,-0.06225778813162012,0.0885805877405878
0.42500000000000004,0.7000000000000001,-0.05995362668781707,0.06916197978285607
0.45,0.7000000000000001,-0.058145756411878934,0.04964514966276136
0.47500000000000003,0.7000000000000001,-0.0569606841747737,0.030016122952491044
0.5,0.7000000000000001,-0.05648644861242513,0.01023299376544688
0.525,0.7000000000000001,-0.056772649945186056,-0.009761725352297388
0.55,0.7000000000000001,-0.0578292320752418,-0.030029049678787775
0.5750000000000001,0.7000000000000001,-0.05962385988132239,-0.05062082777686782
0.6000000000000001,0.7000000000000001,-0.062077891936088446,-0.07156541630164724
0.625,0.7000000000000001,-0.06506114743179074,-0.09285066866910688
0.65,0.7000000000000001,-0.06838595079633004,-0.11440313020367841
0.675,0.7000000000000001,-0.07180135905515017,-0.13606234723213886
0.7000000000000001,0.7000000000000001,-0.07498908913086941,-0.1575493703866331
0.7250000000000001,0.7000000000000001,-0.07756350866053996,-0.17842900654835142
0.75,0.7000000000000001,-0.07907914363216689,-0.1980663565095626
0.775,0.7000000000000001,-0.07905042909789754,-0.21557993426856722
0.8,0.7000000000000001,-0.07698960742505519,-0.22979648919931733
0.8250000000000001,0.7000000000000001,-0.0724689982922112,-0.23921673926412218
0.8500000000000001,0.7000000000000001,-0.0652134801085802,-0.24200639958647494
0.875,0.7000000000000001,-0.05522849010364904,-0.23603235885424972
0.9,0.7000000000000001,-0.04294260908531437,-0.21896793775862142
0.925,0.7000000000000001,-0.029306015943785412,-0.18848715111575848
0.9500000000000001,0.7000000000000001,-0.016140588938989505,-0.14254785263754163
0.9750000000000001,0.7000000000000001,-0.006654704923872565,-0.07978510433551116
1.0,0.7000000000000001,0.0,0.0
0.0,0.7250000000000001,0.0,0.0
0.025,0.7250000000000001,-0.006268950288851854,0.07824130175632606
0.05,0.7250000000000001,-0.01496434972846165,0.13881628914021843
0.07500000000000001,0.7250000000000001,-0.02659078741930416,0.18236483157675945
0.1,0.7250000000000001,-0.03804719726913376,0.21079007220339144
0.125,0.7250000000000001,-0.04770867997886842,0.22654880393483268
0.15000000000000002,0.7250000000000001,-0.05484066376043471,0.23217576623292788
0.17500000000000002,0.7250000000000001,-0.05920352710478647,0.23001460329844403
0.2,0.7250000000000001,-0.06092334408851636,0.22208065737504754
0.225,0.7250000000000001,-0.06034615577223339,0.21001923283122573
0.25,0.7250000000000001,-0.05792274651507709,0.19512056110018355
0.275,0.7250000000000001,-0.05413369768834551,0.17836206519557282
0.30000000000000004,0.7250000000000001,-0.04944354776870905,0.16045981379436405
0.325,0.7250000000000001,-0.04427562494841886,0.1419191065168349
0.35000000000000003,0.7250000000000001,-0.039000778885153305,0.12307940882496428
0.375,0.7250000000000001,-0.033934654329852494,0.10415202026611743
0.4,0.7250000000000001,-0.029339698982546306,0.08525056205985626
0.42500000000000004,0.7250000000000001,-0.025429345422825045,0.06641517280414902
0.45,0.7250000000000001,-0.022372703909844808,0.047631599443032316
0.47500000000000003,0.7250000000000001,-0.02029871427135856,0.028846416010268345
0.5,0.7250000000000001,-0.01929909920170602,0.009979545722488707
0.525,0.7250000000000001,-0.019429702746772238,-0.009064811538644232
0.55,0.7250000000000001,-0.02070994199787943,-0.028387788074951924
0.5750000000000001,0.7250000000000001,-0.023120193875025043,-0.04808492576374292
0.6000000000000001,0.7250000000000001,-0.02659702491366678,-0.06823358217878402
0.625,0.7250000000000001,-0.03102629496745023,-0.08887739362387863
0.65,0.7250000000000001,-0.036234379046814556,-0.11000634909301296
0.675,0.7250000000000001,-0.04197812364344757,-0.13153085583037216
0.7000000000000001,0.7250000000000001,-0.04793477212957309,-0.15324809050316868
0.7250000000000001,0.7250000000000001,-0.05369406034989162,-0.174799085393896
0.75,0.7250000000000001,-0.058756098000625964,-0.19561565557050123
0.775,0.7250000000000001,-0.06254057834513112,-0.2148578267250013
0.8,0.7250000000000001,-0.06441515650854115,-0.2313454169593424
0.8250000000000001,0.7250000000000001,-0.06375280099539074,-0.24349248278761287
0.8500000000000001,0.7250000000000001,-0.060029604582689085,-0.24926088494025453
0.875,0.7250000000000001,-0.05297615053925762,-0.24615900179706426
0.9,0.7250000000000001,-0.04276867202392515,-0.23132221428479996
0.925,0.7250000000000001,-0.03020075300083926,-0.20171603758424453
0.9500000000000001,0.7250000000000001,-0.017144167867514916,-0.15448524077030856
0.9750000000000001,0.7250000000000001,-0.007214712669930827,-0.08748313431470081
1.0,0.7250000000000001,0.0,0.0
0.0,0.75,0.0,0.0
0.025,0.75,-0.0069524060380489255,0.0854501001057078
0.05,0.75,-0.01616200022694428,0.149566899603102
0.07500000000000001,0.75,-0.027609308533228502,0.1936716660831957
0.1,0.75,-0.03777358615822711,0.22062726273499383
0.125,0.75,-0.04503870892632189,0.23378890876723912
0.15000000000000002,0.75,-0.048884272982757854,0.23639742787766785
0.17500000000000002,0.75,-0.04935626829113832,0.23128117774426707
0.2,0.75,-0.04686466479477204,0.22074607586553918
0.225,0.75,-0.041997351174044545,0.20658191876560755
0.25,0.75,-0.03539082829173957,0.19012471340585319
0.275,0.75,-0.02765658375470579,0.17233729396086347
0.30000000000000004,0.75,-0.019343627219113226,0.15388849919302622
0.325,0.75,-0.01092389251505773,0.13522213043127715
0.35000000000000003,0.75,-0.002791173984046187,0.11661309866189717
0.375,0.75,0.004732870087197854,0.09821126643731722
0.4,0.75,0.011389741742537256,0.0800747704066281
0.42500000000000004,0.75,0.016974601657773376,0.06219494176220037
0.45,0.75,0.02132763579389728,0.044514837080537696
0.47500000000000003,0.75,0.02432704986466383,0.02694313199308523
0.5,0.75,0.025884097766798262,0.009364859126090665
0.525,0.75,0.025940378229734842,-0.008349741839572992
0.55,0.75,0.024467571827212056,-0.026337120142013965
0.5750000000000001,0.75,0.021469786883097974,-0.04473193940458655
0.6000000000000001,0.75,0.016988696172978695,-0.06365703404532322
0.625,0.75,0.011111634978842632,-0.08321040535560158
0.65,0.75,0.003982741972921442,-0.10344756531273422
0.675,0.75,-0.00418301863695561,-0.12435714681725867
0.7000000000000001,0.75,-0.013083625287304454,-0.14582727752677263
0.7250000000000001,0.75,-0.02231316626540898,-0.1675998912793245
0.75,0.75,-0.03134758965602819,-0.1892101892036796
0.775,0.75,-0.039538684721191465,-0.20990933888184704
0.8,0.75,-0.04612543678995675,-0.22857099902107028
0.8250000000000001,0.75,-0.05027603292094825,-0.24358754409215058
0.8500000000000001,0.75,-0.051178832173207484,-0.2527713459460675
0.875,0.75,-0.04820682964576217,-0.2532911496848351
0.9,0.75,-0.041156844347925575,-0.24169364141448685
0.925,0.75,-0.030513713825803236,-0.21408085550757042
0.9500000000000001,0.75,-0.01806583881212597,-0.16650938335387377
0.9750000000000001,0.75,-0.007815356754201868,-0.09567553863535531
1.0,0.75,0.0,0.0
0.0,0.775,0.0,0.0
0.025,0.775,-0.0077415719373169645,0.09328515486599658
0.05,0.775,-0.01736513602353491,0.1604135741534985
0.07500000000000001,0.775,-0.028056284893204938,0.2039349185086635
0.1,0.775,-0.0359328929573898,0.22816136315787347
0.125,0.775,-0.03957423257335239,0.23764662790256305
0.15000000000000002,0.775,-0.038856169894345316,0.23647336639648825
0.17500000000000002,0.775,-0.034246596515969466,0.2279751531264435
0.2,0.775,-0.026519551585178387,0.21470590860569394
0.225,0.775,-0.01653720034193444,0.19853321513193184
0.25,0.775,-0.00512117364031321,0.180770837485133
0.275,0.775,0.007006156168582218,0.16230862162771828
0.30000000000000004,0.775,0.019240570268766796,0.14372301911751562
0.325,0.775,0.0310933120692039,0.1253641716698743
0.35000000000000003,0.775,0.042178020269070415,0.10742136092279018
0.375,0.775,0.05219401832813996,0.08997068222544446
0.4,0.775,0.060909616188275846,0.0730090207552288
0.42500000000000004,0.775,0.06814722123085701,0.056477901105533294
0.45,0.775,0.07377102169795839,0.0402800824858985
0.47500000000000003,0.775,0.07767747815704146,0.024291118224635717
0.5,0.775,0.07978863477596201,0.008367578997049468
0.525,0.775,0.08004821493583911,-0.007646724715177243
0.55,0.775,0.07842051814416642,-0.023915397122659592
0.5750000000000001,0.775,0.07489224113620038,-0.04060393063398466
0.6000000000000001,0.775,0.06947747477930451,-0.057872860699119205
0.625,0.775,0.06222625120529222,-0.07586823008255557
0.65,0.775,0.05323709277849719,-0.09470758526088428
0.675,0.775,0.04267397858681248,-0.11445913432790007
0.7000000000000001,0.775,0.030787877913663143,-0.13511091573554593
0.7250000000000001,0.775,0.017942307672298496,-0.15652591737160507
0.75,0.775,0.0046409424341760565,-0.17837823147072873
0.775,0.775,-0.008447323955524751,-0.200064972868036
0.8,0.775,-0.020474844258485534,-0.220589716576686
0.8250000000000001,0.775,-0.030428581964429102,-0.2384172725249938
0.8500000000000001,0.775,-0.0371951391586809,-0.25130935414967703
0.875,0.775,-0.03971596133861246,-0.25616914684260816
0.9,0.775,-0.03725887205845058,-0.248953766123805
0.925,0.775,-0.029783080146167394,-0.22476104211668324
0.9500000000000001,0.775,-0.018751962034478774,-0.17822404306785142
0.9750000000000001,0.775,-0.008428328655409443,-0.10432977870822457
1.0,0.775,0.0,0.0
0.0,0.8,0.0,0.0
0.025,0.8,-0.008582764687332342,0.1017656195269384
0.05,0.8,-0.018326653402643545,0.17089599531104027
0.07500000000000001,0.8,-0.02722958650381479,0.21216898586667465
0.1,0.8,-0.03128794318856818,0.23206710210301826
0.125,0.8,-0.029612662725652637,0.23668464560433256
0.15000000000000002,0.8,-0.02272873887763678,0.2310383032729753
0.17500000000000002,0.8,-0.011677510060734558,0.21891712837949254
0.2,0.8,0.002341771185273506,0.2030164128916344
0.225,0.8,0.01819375404051785,0.18516913673019356
0.25,0.8,0.034907122779132355,0.16657163582367582
0.275,0.8,0.05169851995615832,0.14796942861952098
0.30000000000000004,0.8,0.06796066442089356,0.12979784959300122
0.325,0.8,0.08323589318717177,0.11228303951242592
0.35000000000000003,0.8,0.09718623235914353,0.09551202059239579
0.375,0.8,0.10956541624413002,0.07948014331467701
0.4,0.8,0.1201950016224875,0.06412258603178801
0.42500000000000004,0.8,0.12894506990875595,0.04933489730853847
0.45,0.8,0.13571927746589071,0.034986152411262655
0.47500000000000003,0.8,0.14044376933958225,0.020927225832291205
0.5,0.8,0.1430594758088814,0.00699593135846186
0.525,0.8,0.14351743708105225,-0.006979707767514944
0.55,0.8,0.14177698608250774,-0.021179074881960157
0.5750000000000001,0.8,0.13780683549609163,-0.035786579913570885
0.6000000000000001,0.8,0.13158935293884572,-0.050988336068771165
0.625,0.8,0.12312856197465666,-0.06696670180651677
0.65,0.8,0.11246266291705292,-0.08389103779928268
0.675,0.8,0.09968208822170685,-0.10190229686405934
0.7000000000000001,0.8,0.08495420376138013,-0.12108798802103769
0.7250000000000001,0.8,0.06855555653695622,-0.14144257145383482
0.75,0.8,0.05091170535577149,-0.16280645998574347
0.775,0.8,0.03264253545474431,-0.18477474526317927
0.8,0.8,0.014606575014275118,-0.20656522656045367
0.8250000000000001,0.8,-0.0020699898251799772,-0.22683603825673707
0.8500000000000001,0.8,-0.01600741739811807,-0.2434498034646681
0.875,0.8,-0.025680642395582823,-0.2531990021218938
0.9,0.8,-0.02968171512306729,-0.2515456085935004
0.925,0.8,-0.02716444329592026,-0.2325120477678901
0.9500000000000001,0.8,-0.01886373425420333,-0.1889464209834107
0.9750000000000001,0.8,-0.008958513015539382,-0.11333898948063126
1.0,0.8,0.0,0.0
0.0,0.8250000000000001,0.0,0.0
0.025,0.8250000000000001,-0.009268300629547161,0.1107936124574329
0.05,0.8250000000000001,-0.018426242456063145,0.18011418057195527
0.07500000000000001,0.8250000000000001,-0.023725979088535812,0.21677856599293355
0.1,0.8250000000000001,-0.021658889673801827,0.2304411877361725
0.125,0.8250000000000001,-0.012416216182373757,0.2290410407768466
0.15000000000000002,0.8250000000000001,0.002526382578493287,0.2184943503426798
0.17500000000000002,0.8250000000000001,0.021431880396350352,0.20287104516886345
0.2,0.8250000000000001,0.042676924241362005,0.18481225671194718
0.225,0.8250000000000001,0.06491945707358837,0.16595379126304885
0.25,0.8250000000000001,0.08712792748201804,0.14725802714592737
0.275,0.8250000000000001,0.10854693229278203,0.12925123670295216
0.30000000000000004,0.8250000000000001,0.1286437697676795,0.11218458549479576
0.325,0.8250000000000001,0.14705480584684183,0.09613930525813441
0.35000000000000003,0.8250000000000001,0.16353910344454572,0.08109359552347092
0.375,0.8250000000000001,0.17794122314628394,0.06696425268631016
0.4,0.8250000000000001,0.19016263474395534,0.05363197945540849
0.42500000000000004,0.8250000000000001,0.20014035164843183,0.04095631479122427
0.45,0.8250000000000001,0.20783131167458174,0.028784032258124793
0.47500000000000003,0.8250000000000001,0.21320123594755763,0.01695346535630716
0.5,0.8250000000000001,0.21621700166863708,0.005296329335419728
0.525,0.8250000000000001,0.2168418807236629,-0.006361934796480904
0.55,0.8250000000000001,0.21503330127877657,-0.018202570184080835
0.5750000000000001,0.8250000000000001,0.21074308862441668,-0.03041406303569272
0.6000000000000001,0.8250000000000001,0.20392045283672414,-0.04319220351881871
0.625,0.8250000000000001,0.19451833718054057,-0.05673878598478873
0.65,0.8250000000000001,0.18250414366569223,-0.07125764778563325
0.675,0.8250000000000001,0.1678763192504351,-0.0869459936888377
0.7000000000000001,0.8250000000000001,0.15068879248962672,-0.1039777427602589
0.7250000000000001,0.8250000000000001,0.13108569179479168,-0.12247376626399166
0.75,0.8250000000000001,0.10934888475641802,-0.14245112193031428
0.775,0.8250000000000001,0.0859600624723383,-0.1637395409735745
0.8,0.8250000000000001,0.06167615186896723,-0.18584855664757113
0.8250000000000001,0.8250000000000001,0.0376096845752314,-0.20776382420870923
0.8500000000000001,0.8250000000000001,0.015290872232577567,-0.22764994814738693
0.875,0.8250000000000001,-0.003342409355545504,-0.2424452658573672
0.9,0.8250000000000001,-0.016121976298916676,-0.24736600793341745
0.925,0.8250000000000001,-0.021096056688774206,-0.23545706926251267
0.9500000000000001,0.8250000000000001,-0.017658157570386617,-0.19749781696332178
0.9750000000000001,0.8250000000000001,-0.009136268252578687,-0.12243152642101446
1.0,0.8250000000000001,0.0,0.0
0.0,0.8500000000000001,0.0,0.0
0.025,0.8500000000000001,-0.009172246784401848,0.11990660762843137
0.05,0.8500000000000001,-0.01619047095407396,0.18630592203704072
0.07500000000000001,0.8500000000000001,-0.014783100047639287,0.21519725305708964
0.1,0.8500000000000001,-0.00325139458967597,0.2206211657113913
0.125,0.8500000000000001,0.01634847623739091,0.21242698056512513
0.15000000000000002,0.8500000000000001,0.04133843044349089,0.19713309498074408
0.17500000000000002,0.8500000000000001,0.06928971930689698,0.17872942805442144
0.2,0.8500000000000001,0.09828699560206344,0.15950777306515868
0.225,0.8500000000000001,0.1269518798626345,0.14070777486800537
0.25,0.8500000000000001,0.15435181006965595,0.12294073413076628
0.275,0.8500000000000001,0.17988941803213385,0.10645440571384562
0.30000000000000004,0.8500000000000001,0.20320500090553356,0.09129321005080726
0.325,0.8500000000000001,0.22409963205233757,0.0773921731000793
0.35000000000000003,0.8500000000000001,0.2424782321286419,0.0646305673779764
0.375,0.8500000000000001,0.25830888445652456,0.052861628921812856
0.4,0.8500000000000001,0.27159433977750497,0.041928269646463866
0.42500000000000004,0.8500000000000001,0.2823522966980876,0.03167068533985425
0.45,0.8500000000000001,0.29060185431712804,0.02192931305779552
0.47500000000000003,0.8500000000000001,0.2963542664669314,0.01254512933994491
0.5,0.8500000000000001,0.299606720658125,0.0033584228649060563
0.525,0.8500000000000001,0.30033832899959606,-0.005793315187990499
0.55,0.8500000000000001,0.2985078900842701,-0.015078001859973654
0.5750000000000001,0.8500000000000001,0.29405330415838116,-0.02467180082897405
0.6000000000000001,0.8500000000000001,0.286892844249613,-0.03476189728163462
0.625,0.8500000000000001,0.2769288514405248,-0.045548764946034624
0.65,0.8500000000000001,0.264054886037118,-0.057247142561459824
0.675,0.8500000000000001,0.2481679867270514,-0.07008430907390927
0.7000000000000001,0.8500000000000001,0.22918852496095005,-0.08429314520958882
0.7250000000000001,0.8500000000000001,0.20709122269296187,-0.10009558910319138
0.75,0.8500000000000001,0.18195216691589072,-0.11766896211392378
0.775,0.8500000000000001,0.1540178173916774,-0.13708257147069758
0.8,0.8500000000000001,0.12380210719188095,-0.15818406571854102
0.8250000000000001,0.8500000000000001,0.09221434902186931,-0.18040360690938856
0.8500000000000001,0.8500000000000001,0.060710426148592324,-0.20243056928005201
0.875,0.8500000000000001,0.031432047288023915,-0.22170385565754508
0.9,0.8500000000000001,0.007220194069244238,-0.23365413916411207
0.925,0.8500000000000001,-0.008676917692546705,-0.23076535521575353
0.9500000000000001,0.8500000000000001,-0.013505436467896105,-0.20177901650510008
0.9750000000000001,0.8500000000000001,-0.008240910422521721,-0.13089947209547972
1.0,0.8500000000000001,0.0,0.0
0.0,0.875,0.0,0.0
0.025,0.875,-0.006553807591365984,0.12768728664933252
0.05,0.875,-0.008190547116810437,0.18603311463914893
0.07500000000000001,0.875,0.004982808527085985,0.2033467173604048
0.1,0.875,0.030431653942676315,0.1990388206450517
0.125,0.875,0.06337264444613616,0.18427062339739286
0.15000000000000002,0.875,0.09997553098213616,0.16542600721998793
0.17500000000000002,0.875,0.13741385115416424,0.14584036934588548
0.2,0.875,0.17382546722374123,0.12709715554348375
0.225,0.875,0.2080967396103961,0.10985442358911364
0.25,0.875,0.23961978804406564,0.09429748766937229
0.275,0.875,0.2681108615691513,0.08038215489010787
0.30000000000000004,0.875,0.29348416262660304,0.06796285392799924
0.325,0.875,0.3157672963424378,0.05685729229468293
0.35000000000000003,0.875,0.335046580737205,0.04687733812410438
0.375,0.875,0.35143236336399164,0.03784237507816821
0.4,0.875,0.3650372568412004,0.02958374432125725
0.42500000000000004,0.875,0.3759625535959216,0.021944790055559403
0.45,0.875,0.38428972105773807,0.01477882467149792
0.47500000000000003,0.875,0.39007499043268845,0.00794615295997513
0.5,0.875,0.39334579277224246,0.001310673220486916
0.525,0.875,0.3940982888983994,-0.005263750791119174
0.55,0.875,0.3922955821496347,-0.0119171153473815
0.5750000000000001,0.875,0.3878664683790263,-0.018797336055833044
0.6000000000000001,0.875,0.3807048266270607,-0.026064577435512788
0.625,0.875,0.370670044958761,-0.03389581621930901
0.65,0.875,0.35758927759964665,-0.04248941742527896
0.675,0.875,0.34126293282606546,-0.052069119496239075
0.7000000000000001,0.875,0.321475724209708,-0.06288607382324388
0.7250000000000001,0.875,0.29801705216603297,-0.07521614682342061
0.75,0.875,0.270716629999639,-0.08934699453153327
0.775,0.875,0.2395043884153805,-0.10554443328105968
0.8,0.875,0.20450764152979575,-0.123978477172782
0.8250000000000001,0.875,0.1662014471984855,-0.14457334421313345
0.8500000000000001,0.875,0.12563030638056294,-0.16672044212224935
0.875,0.875,0.08471519553253015,-0.1887492202640563
0.9,0.875,0.04655302408101201,-0.20697556047338175
0.925,0.875,0.015487782606816266,-0.21422617036688035
0.9500000000000001,0.875,-0.0028152358413735465,-0.1980100887135732
0.9750000000000001,0.875,-0.00439205239950925,-0.13700110583914749
1.0,0.875,0.0,0.0
0.0,0.9,0.0,0.0
0.025,0.9,0.0031736493814280104,0.1316782878756922
0.05,0.9,0.013312903082513422,0.17396045604831975
0.07500000000000001,0.9,0.04585112549924382,0.17591462410652622
0.1,0.9,0.09019921508918943,0.16199178003722253
0.125,0.9,0.13857533663742294,0.1427059485684868
0.15000000000000002,0.9,0.18685220960819313,0.12299306680525332
0.17500000000000002,0.9,0.23258699090826293,0.10483432151942969
0.2,0.9,0.27456745764167356,0.0888057393459855
0.225,0.9,0.31234726626583753,0.07490792336812757
0.25,0.9,0.3458862149937659,0.06292767253126866
0.275,0.9,0.37534823845000287,0.05259363080294267
0.30000000000000004,0.9,0.400987371129078,0.04364089650914755
0.325,0.9,0.42308343211167393,0.035833465737830146
0.35000000000000003,0.9,0.4419075498140136,0.028968424361763778
0.375,0.9,0.4577045554294464,0.02287299724567423
0.4,0.9,0.4706845385249968,0.017399283427419088
0.42500000000000004,0.9,0.48101921595919334,0.012418675237195982
0.45,0.9,0.48884064253472886,0.007816681527507868
0.47500000000000003,0.9,0.49424086331121886,0.003488305767892645
0.5,0.9,0.49727172058013724,-0.0006661117272198274
0.525,0.9,0.49794437519526513,-0.00474477443168781
0.55,0.9,0.49622830193436185,-0.008848256823430578
0.5750000000000001,0.9,0.49204964655962485,-0.013083517066090582
0.6000000000000001,0.9,0.4852889401552017,-0.017568341746225104
0.625,0.9,0.47577830105601543,-0.022436468029599588
0.65,0.9,0.46329847325204615,-0.02784360049680559
0.675,0.9,0.4475764389718015,-0.033974439225623466
0.7000000000000001,0.9,0.4282850461271577,-0.041050561168175355
0.7250000000000001,0.9,0.40504734528151876,-0.04933833173940874
0.75,0.9,0.3774505366655192,-0.059154517260858165
0.775,0.9,0.3450783868345881,-0.07086396972136069
0.8,0.9,0.3075775550069464,-0.08485654017081652
0.8250000000000001,0.9,0.2647817412144729,-0.10147536150222836
0.8500000000000001,0.9,0.21693658296084536,-0.12084007189305077
0.875,0.9,0.16511274733245423,-0.14244084196892487
0.9,0.9,0.11177313953401438,-0.16421596586235943
0.925,0.9,0.0612805189099721,-0.18080041369314523
0.9500000000000001,0.9,0.022175211051807316,-0.18072355760326048
0.9750000000000001,0.9,0.007171764734055935,-0.13795495062297888
1.0,0.9,0.0,0.0
0.0,0.925,0.0,0.0
0.025,0.925,0.03187497797005794,0.1262095011875058
0.05,0.925,0.06493960000409013,0.1422733276108739
0.07500000000000001,0.925,0.12624758210324635,0.1275491168843201
0.1,0.925,0.1927421935013962,0.10756820603962469
0.125,0.925,0.2554101349387818,0.08850188017147559
0.15000000000000002,0.925,0.3121273047537171,0.07219632505877185
0.17500000000000002,0.925,0.3621583550249482,0.058808220921930554
0.2,0.925,0.4056540132168559,0.04791802294170233
0.225,0.925,0.4431863476648138,0.03903280861621904
0.25,0.925,0.4754220958638709,0.03172428087019816
0.275,0.925,0.5030015946931536,0.02565087768159157
0.30000000000000004,0.925,0.5264958330647288,0.020549152214137893
0.325,0.925,0.5463935717532209,0.016217639812181692
0.35000000000000003,0.925,0.5631028217872465,0.012501342049269896
0.375,0.925,0.5769577628807717,0.009279151373432668
0.4,0.925,0.5882267622196071,0.006454264930467951
0.42500000000000004,0.925,0.5971197261429484,0.003947021790483444
0.45,0.925,0.6037941092190053,0.0016895343618699458
0.47500000000000003,0.925,0.6083593750684231,-0.00037843122704148255
0.5,0.925,0.6108798923821169,-0.0023127651931277742
0.525,0.925,0.611376297837421,-0.004167868029193023
0.55,0.925,0.6098253395656521,-0.005999346352185551
0.5750000000000001,0.925,0.6061581675207312,-0.007866824842594477
0.6000000000000001,0.925,0.6002569800006553,-0.009837155062001548
0.625,0.925,0.5919498836544707,-0.011988339108042525
0.65,0.925,0.5810037984880445,-0.014414554386144137
0.675,0.925,0.5671152802327019,-0.01723276316177902
0.7000000000000001,0.925,0.5498993249312215,-0.020591502210414715
0.7250000000000001,0.925,0.5288767284130398,-0.024682521169373393
0.75,0.925,0.503461741859814,-0.029755821867081617
0.775,0.925,0.4729545286164375,-0.03613791777700131
0.8,0.925,0.43654846600638325,-0.044250578723686596
0.8250000000000001,0.925,0.39336999267493455,-0.05462042235053316
0.8500000000000001,0.925,0.3425981971752774,-0.0678530621427647
0.875,0.925,0.2838109150296488,-0.08448720746261953
0.9,0.925,0.21753565679959938,-0.10446480146117414
0.925,0.925,0.14571798780525316,-0.12587392824463622
0.9500000000000001,0.925,0.0775175012238894,-0.14220895419893326
0.9750000000000001,0.925,0.038415755740387754,-0.12763421735048117
1.0,0.925,0.0,0.0
0.0,0.9500000000000001,0.0,0.0
0.025,0.9500000000000001,0.11302518581593006,0.07207114743060097
0.05,0.9500000000000001,0.18355485299570243,0.061594605382270906
0.07500000000000001,0.9500000000000001,0.27749678314592735,0.0433586287432302
0.1,0.9500000000000001,0.36124863575358235,0.030114164075000876
0.125,0.9500000000000001,0.42967583184750785,0.020938570230014303
0.15000000000000002,0.9500000000000001,0.4859691779709858,0.01454546017786786
0.17500000000000002,0.9500000000000001,0.5323566371176072,0.010021507844322965
0.2,0.9500000000000001,0.5706723446382315,0.0067332043791639125
0.225,0.9500000000000001,0.6024703676566404,0.004270657810393877
0.25,0.9500000000000001,0.6289677111373481,0.0023762512075057624
0.275,0.9500000000000001,0.6511021249339825,0.0008876662176184823
0.30000000000000004,0.9500000000000001,0.6695983844788833,-0.0002985994628201086
0.325,0.9500000000000001,0.6850180726515064,-0.0012496177321281877
0.35000000000000003,0.9500000000000001,0.6977972201138375,-0.002009815901307909
0.375,0.9500000000000001,0.7082742839235808,-0.002609501839332772
0.4,0.9500000000000001,0.7167104863394214,-0.0030701650506121006
0.42500000000000004,0.9500000000000001,0.7233044241169225,-0.0034078083516066327
0.45,0.9500000000000001,0.728202395921319,-0.0036350787207900053
0.47500000000000003,0.9500000000000001,0.7315054655156175,-0.003762673031284493
0.5,0.9500000000000001,0.733273949157124,-0.003800322101453085
0.525,0.9500000000000001,0.7335297585595412,-0.0037575570250549107
0.55,0.9500000000000001,0.7322568227502743,-0.0036444081185607446
0.5750000000000001,0.9500000000000001,0.7293996319026328,-0.0034721645323024432
0.6000000000000001,0.9500000000000001,0.7248597730258893,-0.0032543254036405127
0.625,0.9500000000000001,0.7184901412610032,-0.0030079013059047957
0.65,0.9500000000000001,0.7100862906696445,-0.0027552838534973248
0.675,0.9500000000000001,0.6993741132280714,-0.0025270054123623775
0.7000000000000001,0.9500000000000001,0.6859926845817015,-0.0023658849847501017
0.7250000000000001,0.9500000000000001,0.6694706703555449,-0.0023333433749419454
0.75,0.9500000000000001,0.6491941785694031,-0.0025191354140939163
0.775,0.9500000000000001,0.6243637890607134,-0.003056473456603837
0.8,0.9500000000000001,0.5939387778968813,-0.004145674087238454
0.8250000000000001,0.9500000000000001,0.5565645706104417,-0.0060912789326907696
0.8500000000000001,0.9500000000000001,0.5105005906070953,-0.009358544569625291
0.875,0.9500000000000001,0.4536734744702817,-0.014646758275375557
0.9,0.9500000000000001,0.38364875822245753,-0.022952638348516994
0.925,0.9500000000000001,0.2968426778299457,-0.035636631231528486
0.9500000000000001,0.9500000000000001,0.19764733495038106,-0.05384456799079334
0.9750000000000001,0.9500000000000001,0.12210039386966337,-0.06646267546740384
1.0,0.9500000000000001,0.0,0.0
0.0,0.9750000000000001,0.0,0.0
0.025,0.9750000000000001,0.34805464354826965,-0.09422774697190256
0.05,0.9750000000000001,0.4564070098792992,-0.09120951426564997
0.07500000000000001,0.9750000000000001,0.5540119967716618,-0.07548005608366384
0.1,0.9750000000000001,0.6263203207753448,-0.061571136024554406
0.125,0.9750000000000001,0.6778764038015846,-0.05035433935644597
0.15000000000000002,0.9750000000000001,0.7166998346525476,-0.041656012001856264
0.17500000000000002,0.9750000000000001,0.7468451706602226,-0.03497779117090307
0.2,0.9750000000000001,0.7706919687554098,-0.029803569425794593
0.225,0.9750000000000001,0.7898534284248216,-0.025737429389257986
0.25,0.9750000000000001,0.8054309376315333,-0.02248842913953532
0.275,0.9750000000000001,0.8181926902717396,-0.01984095153218507
0.30000000000000004,0.9750000000000001,0.8286900276720804,-0.01763377364205007
0.325,0.9750000000000001,0.8373270191261061,-0.01574479755449539
0.35000000000000003,0.9750000000000001,0.8444043030380819,-0.014080089569022097
0.375,0.9750000000000001,0.8501476961163379,-0.012566136044363688
0.4,0.9750000000000001,0.8547271452969362,-0.011144293552980519
0.42500000000000004,0.9750000000000001,0.8582694329200945,-0.009766718609145741
0.45,0.9750000000000001,0.8608667180418623,-0.008393300556293911
0.47500000000000003,0.9750000000000001,0.8625821862338635,-0.006989271982790406
0.5,0.9750000000000001,0.8634535865103395,-0.005523268539868267
0.525,0.9750000000000001,0.8634951144516637,-0.003965671541449581
0.55,0.9750000000000001,0.8626978767286919,-0.002287102601345751
0.5750000000000001,0.9750000000000001,0.8610289963153455,-0.00045695663546323743
0.6000000000000001,0.9750000000000001,0.8584292553309438,0.0015581391510672523
0.625,0.9750000000000001,0.8548089933022854,0.00379606697074034
0.65,0.9750000000000001,0.8500417481928948,0.006301320352883491
0.675,0.9750000000000001,0.8439547978020745,0.009127683614520385
0.7000000000000001,0.9750000000000001,0.8363152539941363,0.01234180046166936
0.7250000000000001,0.9750000000000001,0.8268095435441768,0.016028090639729722
0.75,0.9750000000000001,0.8150127455341881,0.020295708092104726
0.775,0.9750000000000001,0.8003420742003036,0.025288591258283317
0.8,0.9750000000000001,0.7819844977239248,0.031199894830515173
0.8250000000000001,0.9750000000000001,0.7587775070880456,0.038292123292363325
0.8500000000000001,0.9750000000000001,0.7290196490085117,0.04692663240475456
0.875,0.9750000000000001,0.6902188728597906,0.05758902864487801
0.9,0.9750000000000001,0.6382906311308194,0.07076552654775281
0.925,0.9750000000000001,0.5649495146325438,0.08655984601086138
0.9500000000000001,0.9750000000000001,0.4646109572300173,0.10391759931288011
0.9750000000000001,0.9750000000000001,0.35627543431101094,0.10712619559638237
1.0,0.9750000000000001,0.0,0.0
0.0,1.0,1.0,0.0
0.025,1.0,1.0,0.0
0.05,1.0,1.0,0.0
0.07500000000000001,1.0,1.0,0.0
0.1,1.0,1.0,0.0
0.125,1.0,1.0,0.0
0.15000000000000002,1.0,1.0,0.0
0.17500000000000002,1.0,1.0,0.0
0.2,1.0,1.0,0.0
0.225,1.0,1.0,0.0
0.25,1.0,1.0,0.0
0.275,1.0,1.0,0.0
0.30000000000000004,1.0,1.0,0.0
0.325,1.0,1.0,0.0
0.35000000000000003,1.0,1.0,0.0
0.375,1.0,1.0,0.0
0.4,1.0,1.0,0.0
0.42500000000000004,1.0,1.0,0.0
0.45,1.0,1.0,0.0
0.47500000000000003,1.0,1.0,0.0
0.5,1.0,1.0,0.0
0.525,1.0,1.0,0.0
0.55,1.0,1.0,0.0
0.5750000000000001,1.0,1.0,0.0
0.6000000000000001,1.0,1.0,0.0
0.625,1.0,1.0,0.0
0.65,1.0,1.0,0.0
0.675,1.0,1.0,0.0
0.7000000000000001,1.0,1.0,0.0
0.7250000000000001,1.0,1.0,0.0
0.75,1.0,1.0,0.0
0.775,1.0,1.0,0.0
0.8,1.0,1.0,0.0
0.8250000000000001,1.0,1.0,0.0
0.8500000000000001,1.0,1.0,0.0
0.875,1.0,1.0,0.0
0.9,1.0,1.0,0.0
0.925,1.0,1.0,0.0
0.9500000000000001,1.0,1.0,0.0
0.9750000000000001,1.0,1.0,0.0
1.0,1.0,1.0,0.0
